Workbook

Sheet Instrucciones
A1: Formulario de extracción — Danny Valdiviezo
A2: 2026-08-11 · los 124 estudios extraíbles
A4: Empiece por la hoja Ejemplo. Son dos estudios ya resueltos.
A6: Lo que no debe hacer
A7: No abra el formulario del otro revisor ni el archivo de extracción del proyecto.
A8: Hay 42 estudios que ya se extrajeron y aun así salen en blanco aquí, a propósito:
A9: la comparación posterior solo mide algo si usted no vio lo que puso el otro.
A11: Las columnas
A12: Grises (A a G): identifican el estudio. No se tocan. La primera, Nº, es la clave
A13: con la que se cruzan las dos extracciones; si la cambia, se rompe el cruce.
A14: Amarillas: son suyas. Pase el ratón por cada encabezado y sale una nota
A15: explicando qué va en esa columna.
... A32: Guarde el archivo sin cambiarle el nombre y devuélvalo a quien coordina.

Sheet Extraccion
A1: Nº | B1: Pos. | C1: Título del artículo | D1: Revista | E1: Año | F1: Tipo | G1: Cómo encontrarlo | H1: Abrir artículo | I1: Id del estudio (Autor+Año) | J1: Brazo | K1: ¿Solo P. aeruginosa o mixto? | L1: Clase de resistencia | M1: ¿De dónde sale esa clase? | N1: ¿Cumple criterio DTR? | O1: Vía de administración | P1: ¿Fago solo o con antibiótico? | Q1: Diseño del estudio | R1: Estado de esta extracción | S1: Pacientes en este brazo | T1: Éxito clínico (nº pacientes) | U1: Eventos adversos (nº) | V1: Erradicación microbiológica (nº) | W1: Fallecidos (nº) | X1: Estancia hospitalaria (días) | Y1: Aparición de resistencia al fago (nº) | Z1: Año de publicación | AA1: ¿Cómo define el AUTOR el éxito clínico? | AB1: Nivel de la revista | AC1: País del estudio | AD1: ¿Dónde viste estos datos? | AE1: Si algo quedó incompleto, ¿por qué?
A2: EST-008 | B2: 12 | C2: Phage therapy with nebulized cocktail BX004-A for chronic Pseudomonas aeruginosa infections in cystic fibrosis: a randomized first-in-human trial. | D2: Nature Communications | E2: 2025 | F2: articulo | G2: 40593506 | H2: abrir | I2: Weiner2025 | J2: A | K2: solo Pseudomonas | L2: no clasificable | M2: verificado de forma independiente | N2: no | O2: inhalada/nebulizada | P2: fago + antibiotico | Q2: ECA | R2: PARCIAL | S2: 9 | T2: NA | U2: 0 | V2: 0 | W2: 0 | X2: NA | Y2: Na | Z2: 2025 | AA2: NA | AB2: alto | AC2: multicéntrico (internacional) | AD2: EN METODOS Y EN CLINICAL TRIAL | AE2: el antibiograma no permite clasificar la resistencia
A3: EST-021 | B3: 54 | C3: Efficacy and tolerability of a cocktail of bacteriophages to treat burn wounds infected by Pseudomonas aeruginosa (PhagoBurn): a randomised, controlled, double-blind phase 1/2 tria | D3: The Lancet. Infectious diseases | E3: 2019 | F3: articulo | G3: 30292481 | H3: abrir | I3: Jault2019 | J3: A | K3: mixto con subgrupo de Pseudomonas | L3: MDR | M3: declarado por el autor | N3: no | O3: topica/local | P3: fago + antibiotico | Q3: ECA | R3: PARCIAL | S3: 27 | T3: 17 | U3: 0 | V3: NA | W3: 0 | X3: NA | Y3: 0 | Z3: 2019 | AA3: como el tiempo mediano hasta lograr una reducción sostenida de la carga bacteriana | AB3: =IFERROR(IF(VLOOKUP(D3,Revistas!$A$21:$C$400,3,FALSE)=0,"",VLOOKUP(D3,Revistas!$A$21:$C$400,3,FALSE)),"") -> alto | AC3: multicéntrico (Europa) | AD3: FIGURA 1-4 | AE3: el antibiograma no permite clasificar la resistencia
A4: EST-035 | B4: 80 | C4: Safety and microbiological activity of phage therapy in persons with cystic fibrosis colonized with Pseudomonas aeruginosa: study protocol for a phase 1b/2, multicenter, randomized | D4: Trials | E4: 2022 | F4: articulo | G4: 36578069 | H4: abrir | I4: Tamma2022 | J4: A | K4: solo Pseudomonas | L4: MDR | M4: declarado por el autor | N4: no | O4: IV | P4: fago en monoterapia | Q4: ECA | R4: INCOMPLETA | S4: NA | T4: NA | U4: Na | V4: NA | W4: NA | X4: NA | Y4: NA | Z4: 2022 | AA4: El protocolo evalúa la actividad microbiológica mediante el cambio en los recuentos totales de colonias de P. aeruginosa en esputo ($\log_{10}$ CFU/mL) y el perfil global de beneficio-riesgo utilizando el ranking de deseabilidad de resultados | AB4: alto | AC4: Estados unidos | AD4: ABSTRACT FIGURA 1-3 | AE4: el artículo no reporta este desenlace
A5: EST-063 | B5: 181 | C5: Single-arm, open-labelled, safety and tolerability of intrabronchial and nebulised bacteriophage treatment in children with cystic fibrosis and Pseudomonas aeruginosa. | D5: BMJ open respiratory research | E5: 2023 | F5: articulo | G5: 10.1136/bmjresp-2022-001360 | H5: abrir | I5: Singh2023 | J5: A | K5: solo Pseudomonas | L5: no clasificable | M5: declarado por el autor | N5: no | O5: inhalada/nebulizada | P5: fago + antibiotico | Q5: ensayo no aleatorizado | R5: PARCIAL | S5: 10 | T5: NA | U5: Na | V5: NA | W5: NA | X5: 14 | Y5: Na | Z5: 2023 | AA5: evalúa la reducción de los títulos bacterianos de P. aeruginosa en esputo desde el inicio hasta el día 7. | AB5: alto | AC5: Australia | AD5: metodos y analisis | AE5: el artículo no reporta este desenlace
A6: EST-086 | B6: 361 | C6: Inhalation phage therapy as a new approach to preventing secondary bacterial pneumonia in patients with moderate to severe COVID-19: A double-blind clinical trial study | D6: Journal of Drug Delivery Science and Technology | E6: 2023 | F6: articulo | G6: 10.1016/j.jddst.2023.104486 | H6: abrir | I6: Samaee2023 | J6: A | K6: mixto con subgrupo de Pseudomonas | L6: MDR | M6: declarado por el autor | N6: no | O6: inhalada/nebulizada | P6: fago + antibiotico | Q6: ECA | R6: COMPLETA | S6: 30 | T6: 28 | U6: 0 | V6: 26 | W6: 1 | X6: 6 | Y6: Na | Z6: 2023 | AA6: e define como la recuperación dentro de los primeros 10 días de iniciado el tratamiento, caracterizada por un O2Sat ≥ 95%, y la ausencia de fiebre, disnea, tos, fatiga o recurrencias de infección pulmonar bacteriana secundaria | AB6: alto | AC6: Irán | AD6: resumen materiales y metodos | AE6: el artículo no reporta este desenlace
A7: EST-101 | B7: 498 | C7: The Efficacy of Inhaled Phage Cocktail to Prevent Ventilator-Associated Pneumonia in Children: A Double-Blind Clinical Trial | D7: Biomedicines | E7: 2025 | F7: articulo | G7: 10.3390/biomedicines13092103 | H7: abrir | I7: Navaeifar2025 | J7: A | K7: mixto con subgrupo de Pseudomonas | L7: MDR | M7: declarado por el autor | N7: no | O7: inhalada/nebulizada | P7: fago + antibiotico | Q7: ECA | R7: COMPLETA | S7: 30 | T7: 23 | U7: 0 | V7: NA | W7: 11 | X7: 51 | Y7: Na | Z7: 2025 | AA7: cura clinica | AB7: medio | AC7: Irán | AD7: ABSTRACT resumen y metodos | AE7: el artículo no reporta este desenlace
A8: EST-122 | B8: 753 | C8: Standardised treatment and monitoring protocol to assess safety and tolerability of bacteriophage therapy for adult and paediatric patients (STAMP study): protocol for an open-labe | D8: BMJ open | E8: 2022 | F8: articulo | G8: 10.1136/bmjopen-2022-065401 | H8: abrir | I8: Khatami2022 | J8: A | K8: mixto con subgrupo de Pseudomonas | L8: MDR | M8: declarado por el autor | N8: no | O8: inhalada/nebulizada | P8: fago + antibiotico | Q8: ensayo no aleatorizado | R8: INCOMPLETA | S8: NA | T8: NA | U8: Na | V8: NA | W8: NA | X8: NA | Y8: Na | Z8: 2022 | AA8: Como "cura", definida como la ausencia de evidencia de una infección en curso, lo que incluye falta de signos/síntomas clínicos, ausencia de anomalías radiológicas y de laboratorio, y sin evidencia microbiológica de infección | AB8: medio | AC8: Australia | AD8: Abstract", "Introduction" y "Methods and Analysis" | AE8: el artículo no reporta este desenlace
A9: EST-132 | B9: 869 | C9: Evaluation of the Potential Efficacy of Bacteriophage Therapy for the Management of Pressure Ulcers and Its Comparison to Conventional Therapy: A Randomized Controlled Trial | D9: Indian Journal of Critical Care Medicine | E9: 2026 | F9: articulo | G9: 10.5005/jp-journals-10071-25143 | H9: abrir | I9: Meena2026 | J9: A | K9: mixto con subgrupo de Pseudomonas | L9: MDR | M9: declarado por el autor | N9: no | O9: topica/local | P9: fago + antibiotico | Q9: ECA | R9: COMPLETA | S9: 38 | T9: 30 | U9: 0 | V9: NA | W9: 4 | X9: 28 | Y9: NA | Z9: 2026 | AA9: A través de la curación evaluada mediante la herramienta PUSH (Pressure Ulcer Scale for Healing), la reducción del tamaño de la úlcera, el tipo de tejido de cicatrización y la disminución en la cantidad de exudado | AB9: medio | AC9: India | AD9: bstract", "Patients and Methods", la Figura 1 de flujo de pacientes, la sección "Results | AE9: el artículo no reporta este desenlace
A10: EST-178 | B10: 3039 | C10: CLINICAL AND LABORATORY JUSTIFICATION FOR USE OF POLYVALENT BACTERIOPHAGE IN TECHNIQUE OF DELAYED PRESCRIBING OF ANTIBIOTICS IN PATIENTS WITH ARS. | D10: Wiadomosci lekarskie (Warsaw, Poland : 1960) | E10: 2021 | F10: articulo | G10: 10.36740/wlek202106129 | H10: abrir | I10: Popovych2021 | J10: A | K10: mixto con subgrupo de Pseudomonas | L10: no clasificable | M10: no clasificable | N10: no | O10: otra | P10: fago en monoterapia | Q10: ECA | R10: COMPLETA | S10: 80 | T10: NA | U10: 0 | V10: NA | W10: NA | X10: NA | Y10: Na | Z10: 2021 | AA10: A través de la evaluación de la reducción en la severidad de los síntomas mediante la escala MSS (Main Symptoms Severity score) en cada visita, la mejora en los niveles inmunológicos (IgA y sIgA) y la disminución en la frecuencia de prescripción de antibióticos | AB10: medio | AC10: otro | AD10: Abstract", "Materials and Methods", "Results", "Discussion" y la Tabla II del documento | AE10: el artículo no reporta este desenlace
A11: EST-181 | B11: 3367 | C11: Short-Term Outcomes of Phage-Antibiotic Combination Treatment in Adult Patients with Periprosthetic Hip Joint Infection. | D11: Viruses | E11: 2023 | F11: articulo | G11: 36851713 | H11: abrir | I11: Fedorov2023 | J11: A | K11: NA | L11: no clasificable | M11: declarado por el autor | N11: no | O11: otra | P11: fago + antibiotico | Q11: ensayo no aleatorizado | R11: COMPLETA | S11: 23 | T11: 21 | U11: 0 | V11: 22 | W11: 0 | X11: 31 | Y11: Na | Z11: 2023 | AA11: Como la ausencia de recaídas de la infección articular periprotésica (PJI) dentro del seguimiento de 12 meses tras la cirugía en una sola etapa. | AB11: =IFERROR(IF(VLOOKUP(D11,Revistas!$A$21:$C$400,3,FALSE)=0,"",VLOOKUP(D11,Revistas!$A$21:$C$400,3,FALSE)),"") -> medio | AC11: Rusia | AD11: metodos y analisis | AE11: el artículo no separa los datos de P. aeruginosa
A12: EST-029 | B12: 66 | C12: Randomized double-blind study on safety and tolerability of TP-102 phage cocktail in patients with infected and non-infected diabetic foot ulcers. | D12: Med (New York, N.Y.) | E12: 2025 | F12: articulo | G12: 39740667 | H12: abrir | I12: NirPaz2025 | J12: A | K12: mixto con subgrupo de Pseudomonas | L12: no clasificable | M12: declarado por el autor | N12: no | O12: topica/local | P12: fago en monoterapia | Q12: ECA | R12: INCOMPLETA | S12: 19 | T12: NA | U12: Na | V12: NA | W12: NA | X12: NA | Y12: Na | Z12: 2025 | AA12: NA | AB12: =IFERROR(IF(VLOOKUP(D12,Revistas!$A$21:$C$400,3,FALSE)=0,"",VLOOKUP(D12,Revistas!$A$21:$C$400,3,FALSE)),"") -> alto | AC12: Israel | AD12: NA | AE12: texto completo no accesible
A13: EST-052 | B13: 219 | C13: CYstic Fibrosis bacterioPHage study at Yale (CYPHY) | D13: Journal of cystic fibrosis | E13: 2023 | F13: articulo | G13: NCT04684641 | H13: abrir | I13: Koff2022 | J13: A | K13: solo Pseudomonas | L13: por debajo del umbral MDR | M13: declarado por el autor | N13: no | O13: inhalada/nebulizada | P13: fago en monoterapia | Q13: otra | R13: COMPLETA | S13: 24 | T13: NA | U13: Na | V13: NA | W13: NA | X13: NA | Y13: Na | Z13: 2022 | AA13: Reducción significativa de la carga bacteriana ($\text{UFC/mL}$) de P. aeruginosa en esputo al día 14, cambios en la función pulmonar ($FEV_1$ y $FEV_1pp$), reducción de exacerbaciones pulmonares y mejoría en escalas de síntomas (CFQ-R, CFRSD, CRISS). | AB13: NA | AC13: Estados Unidos | AD13: METODOS Y RESULTADOS | AE13: el antibiograma no permite clasificar la resistencia
A14: EST-078 | B14: 288 | C14: Efficacy of Bacteriophage Therapy in the Treatment of Diabetic Foot Ulcers: a Pilot Study from South India | D14: International journal of diabetes in developing countries | E14: 2025 | F14: resumen de congreso | G14: cita: Int J Diabetes Dev Ctries 2025 | H14: abrir | I14: NA | J14: A | K14: NA | L14: no clasificable | M14: no clasificable | N14: NO | O14: NA | P14: NA | Q14: NA | R14: INCOMPLETA | S14: NA | T14: NA | U14: Na | V14: NA | W14: NA | X14: NA | Y14: Na | Z14: na | AA14: NA | AB14: NA | AC14: NA | AD14: NA | AE14: texto completo no accesible
A15: EST-092 | B15: 399 | C15: Phage therapy analysis of effectiveness in comorbid patients with wounds and surgical infections of various etiology based on the results of a comparative clinical study; [Анализ э | D15: Pirogov Russian Journal of Surgery | E15: 2025 | F15: articulo | G15: 40103254 | H15: abrir | I15: Paskhalova2025 | J15: A | K15: NA | L15: no clasificable | M15: no clasificable | N15: NO | O15: NA | P15: NA | Q15: NA | R15: INCOMPLETA | S15: NA | T15: NA | U15: Na | V15: NA | W15: NA | X15: NA | Y15: Na | Z15: 2025 | AA15: NA | AB15: NA | AC15: Rusia | AD15: NA | AE15: texto completo no accesible
A16: EST-103 | B16: 506 | C16: Phage therapy of purulent wounds: comparative clinical cytomorphological and microbiological analysis of effectiveness; [Фаготерапиягнойныхран:сравнительныйклинико-цитоморфологичес | D16: Pirogov Russian Journal of Surgery | E16: 2026 | F16: articulo | G16: 41885494 | H16: abrir | I16: Paskhalova2026 | J16: A | K16: NA | L16: no clasificable | M16: no clasificable | N16: NO | O16: NA | P16: NA | Q16: NA | R16: INCOMPLETA | S16: NA | T16: NA | U16: Na | V16: NA | W16: NA | X16: NA | Y16: Na | Z16: 2026 | AA16: NA | AB16: NA | AC16: Rusia | AD16: NA | AE16: texto completo no accesible
A17: EST-118 | B17: 720 | C17: Intravesical bacteriophages for treating urinary tract infections in patients undergoing transurethral resection of the prostate: a randomised, placebo-controlled, double-blind cli | D17: The Lancet. Infectious diseases | E17: 2021 | F17: articulo | G17: 32949500 | H17: abrir | I17: Leitner2017 | J17: A | K17: mixto con subgrupo de Pseudomonas | L17: no clasificable | M17: declarado por el autor | N17: no | O17: intravesical | P17: fago en monoterapia | Q17: ECA | R17: PARCIAL | S17: 27 | T17: NA | U17: Na | V17: NA | W17: NA | X17: NA | Y17: Na | Z17: 2017 | AA17: omo el éxito del tratamiento intravesical, definido por la normalización del urocultivo (ausencia de evidencia de bacterias, es decir, < 10^4 unidades formadoras de colonias/mL) después de 7 días de tratamiento | AB17: =IFERROR(IF(VLOOKUP(D17,Revistas!$A$21:$C$400,3,FALSE)=0,"",VLOOKUP(D17,Revistas!$A$21:$C$400,3,FALSE)),"") -> alto | AC17: Estados unidos | AD17: DISEÑO Y METODOS | AE17: el antibiograma no permite clasificar la resistencia
A18: EST-126 | B18: 787 | C18: Application of bacteriophage therapy in the treatment of children with acute tonsillitis | D18: International Journal of Pediatrics and Adolescent Medicine | E18: 2024 | F18: articulo | G18: 10.4103/ijpam.ijpam_1_24 | H18: abrir | I18: Turdieva2024 | J18: A | K18: NA | L18: no clasificable | M18: declarado por el autor | N18: no | O18: inhalada/nebulizada | P18: fago + antibiotico | Q18: ECA | R18: COMPLETA | S18: 105 | T18: NA | U18: Na | V18: NA | W18: 0 | X18: 0 | Y18: Na | Z18: 2024 | AA18: Mediante criterios subjetivos (escala WADN de bienestar de 5 puntos evaluando sueño, apetito, estado de ánimo, dolor de cabeza, deglución, dolor de garganta y sequedad) y objetivos (reducción de signos de intoxicación, hiperemia e inflamación amigdalar, tamaño de ganglios linfáticos cervicales, recuento leucocitario y depuración en cultivo bacteriológico). | AB18: alto | AC18: otro | AD18: METODOS Y RESULTADOS | AE18: el artículo no separa los datos de P. aeruginosa
A19: EST-157 | B19: 1639 | C19: A Randomized, Placebo-controlled, Double-blind Clinical Trial of Bacteriophage Cocktails in Chronic Wound Infections. | D19: The international journal of lower extremity wounds | E19: 2026 | F19: articulo | G19: 38233034 | H19: abrir | I19: Karn2024 | J19: A | K19: NA | L19: no clasificable | M19: no clasificable | N19: no | O19: otra | P19: NA | Q19: NA | R19: INCOMPLETA | S19: NA | T19: NA | U19: Na | V19: NA | W19: NA | X19: NA | Y19: Na | Z19: 2024 | AA19: NA | AB19: medio | AC19: NA | AD19: NA | AE19: texto completo no accesible
A20: EST-167 | B20: 2267 | C20: Biological Therapy on Infected Traumatic Wounds: A Case-Control Study. | D20: The international journal of lower extremity wounds | E20: 2024 | F20: articulo | G20: 10.1177/15347346211072779 | H20: abrir | I20: Bhartiya2022 | J20: A | K20: NA | L20: no clasificable | M20: no clasificable | N20: no | O20: NA | P20: NA | Q20: NA | R20: INCOMPLETA | S20: NA | T20: NA | U20: Na | V20: NA | W20: NA | X20: NA | Y20: Na | Z20: 2022 | AA20: NA | AB20: medio | AC20: NA | AD20: NA | AE20: texto completo no accesible
A21: EST-173 | B21: 2761 | C21: Use of bacteriophages in the treatment of infected wounds in patients who have allergy to antibiotics | D21: Surgical Chronicles | E21: 2016 | F21: articulo | G21: cita: Surgical Chronicles 2016 | H21: abrir | I21: NA | J21: A | K21: NA | L21: no clasificable | M21: no clasificable | N21: NO | O21: NA | P21: NA | Q21: NA | R21: INCOMPLETA | S21: NA | T21: NA | U21: Na | V21: NA | W21: NA | X21: NA | Y21: Na | Z21: na | AA21: NA | AB21: NA | AC21: NA | AD21: NA | AE21: texto completo no accesible
A22: EST-177 | B22: 3017 | C22: A randomized, double-blind, placebo- -controlled study to investigate the use of bacteriophages in patients with chronic rhinosinusitis with nasal polyps. | D22: Otolaryngologia polska = The Polish otolaryngology | E22: 2021 | F22: articulo | G22: 35175218 | H22: abrir | I22: Dobretsov 2021 | J22: A | K22: NA | L22: no clasificable | M22: no clasificable | N22: NO | O22: NA | P22: NA | Q22: NA | R22: INCOMPLETA | S22: NA | T22: NA | U22: Na | V22: NA | W22: NA | X22: NA | Y22: Na | Z22: 2021 | AA22: NA | AB22: NA | AC22: NA | AD22: NA | AE22: texto completo no accesible
A23: EST-188 | B23: 4064 | C23: Potential treatment method of recurrent urinary tract infection in postmenopausal kidney transplant recipients: the results of pilot study | D23: Nephrology dialysis transplantation | E23: 2020 | F23: resumen de congreso | G23: cita: Nephrol Dial Transplant 2020 (resumen de congreso) | H23: abrir | I23: NA | J23: A | K23: NA | L23: no clasificable | M23: no clasificable | N23: NO | O23: NA | P23: NA | Q23: NA | R23: INCOMPLETA | S23: NA | T23: NA | U23: Na | V23: NA | W23: NA | X23: NA | Y23: Na | Z23: na | AA23: NA | AB23: NA | AC23: NA | AD23: NA | AE23: texto completo no accesible
A24: EST-219 | B24: 11138 | C24: Bacteriophages in complex treatment of septic diseases of the hand; [Использование лекарственных препаратов бактериофагов в комплексном лечении гнойных заболеваний кисти] | D24: Pirogov Russian Journal of Surgery | E24: 2023 | F24: articulo | G24: 10.17116/hirurgia202309145 | H24: abrir | I24: NA | J24: A | K24: NA | L24: no clasificable | M24: no clasificable | N24: NO | O24: NA | P24: NA | Q24: NA | R24: INCOMPLETA | S24: NA | T24: NA | U24: Na | V24: NA | W24: NA | X24: NA | Y24: Na | Z24: na | AA24: NA | AB24: NA | AC24: NA | AD24: NA | AE24: texto completo no accesible
A25: EST-004 | B25: 4 | C25: Personalized inhaled bacteriophage therapy for treatment of multidrug-resistant Pseudomonas aeruginosa in cystic fibrosis. | D25: Nature medicine | E25: 2025 | F25: articulo | G25: 10.1038/s41591-025-03678-8 | H25: abrir | I25: Chan2025 | J25: A | K25: solo Pseudomonas | L25: MDR | M25: declarado por el autor | N25: si | O25: inhalada/nebulizada | P25: fago + antibiotico | Q25: cohorte prospectiva | R25: COMPLETA | S25: 7 | T25: 7 | U25: 0 | V25: 7 | W25: 0 | X25: Na | Y25: Na | Z25: 2025 | AA25: Reducción de la carga bacteriana de Pseudomonas aeruginosa en esputo y mejora clínica en la función pulmonar (ppFEV1), respaldadas por compensaciones evolutivas (trade-offs) que redujeron la resistencia a los antibióticos o la virulencia bacteriana. | AB25: =IFERROR(IF(VLOOKUP(D25,Revistas!$A$21:$C$400,3,FALSE)=0,"",VLOOKUP(D25,Revistas!$A$21:$C$400,3,FALSE)),"") -> alto | AC25: Estados unidos | AD25: Tabla 2 Terapia personalizada con fagos | AE25: Na
A26: EST-004 | B26: 4 | C26: Personalized inhaled bacteriophage therapy for treatment of multidrug-resistant Pseudomonas aeruginosa in cystic fibrosis. | D26: Nature medicine | E26: 2025 | F26: articulo | G26: 10.1038/s41591-025-03678-8 | H26: abrir | I26: Chan2025 | J26: B | K26: solo Pseudomonas | L26: PDR | M26: declarado por el autor | N26: si | O26: inhalada/nebulizada | P26: fago + antibiotico | Q26: cohorte prospectiva | R26: COMPLETA | S26: 2 | T26: 2 | U26: 0 | V26: 2 | W26: 0 | X26: Na | Y26: Na | Z26: 2025 | AA26: Reducción de la carga bacteriana de Pseudomonas aeruginosa en esputo y mejora clínica en la función pulmonar (ppFEV1), respaldadas por compensaciones evolutivas (trade-offs) que redujeron la resistencia a los antibióticos o la virulencia bacteriana. | AB26: =IFERROR(IF(VLOOKUP(D26,Revistas!$A$21:$C$400,3,FALSE)=0,"",VLOOKUP(D26,Revistas!$A$21:$C$400,3,FALSE)),"") -> alto | AC26: Estados unidos | AD26: Tabla 2 Terapia personalizada con fagos | AE26: Na
A27: EST-024 | B27: 47 | C27: Bacteriophage Therapy for Pan-Drug-Resistant Pseudomonas aeruginosa in Two Persons With Cystic Fibrosis. | D27: Journal of investigative medicine high impact case reports | E27: 2023 | F27: articulo | G27: 10.1177/23247096231188243 | H27: abrir | I27: Hahn2023 | J27: A | K27: solo Pseudomonas | L27: PDR | M27: declarado por el autor | N27: SI | O27: inhalada/nebulizada | P27: fago + antibiotico | Q27: caso clinico | R27: COMPLETA | S27: 2 | T27: 2 | U27: 1 | V27: 0 | W27: 1 | X27: 7 | Y27: Na | Z27: 2023 | AA27: Disminución de la densidad bacteriana en el esputo y mejoría clínica a corto plazo (energía, menor tos productiva y mejoría temporal de los requerimientos de oxígeno). | AB27: =IFERROR(IF(VLOOKUP(D27,Revistas!$A$21:$C$400,3,FALSE)=0,"",VLOOKUP(D27,Revistas!$A$21:$C$400,3,FALSE)),"") -> medio | AC27: Estados unidos | AD27: DISEÑO Y METODOS | AE27: NA
A28: EST-039 | B28: 97 | C28: Adaptive Phage Therapy for the Prevention of Recurrent Nosocomial Pneumonia: Novel Protocol Description and Case Series | D28: Antibiotics | E28: 2023 | F28: articulo | G28: 10.3390/antibiotics12121734 | H28: abrir | I28: Zurabov2023 | J28: A | K28: mixto con subgrupo de Pseudomonas | L28: MDR | M28: declarado por el autor | N28: si | O28: inhalada/nebulizada | P28: fago en monoterapia | Q28: serie de casos | R28: COMPLETA | S28: 3 | T28: 3 | U28: 0 | V28: 3 | W28: 0 | X28: 28 | Y28: 0 | Z28: 2023 | AA28: La eliminación de microorganismos multirresistentes del lavado broncoalveolar, dinámicas positivas en las tomografías computarizadas de pulmón, mejora en el puntaje CPIS (Clinical Pulmonary Infection Score) y reducción significativa de los marcadores inflamatorios como la proteína C reactiva (PCR) y la procalcitonina. | AB28: =IFERROR(IF(VLOOKUP(D28,Revistas!$A$21:$C$400,3,FALSE)=0,"",VLOOKUP(D28,Revistas!$A$21:$C$400,3,FALSE)),"") -> medio | AC28: Rusia | AD28: DISEÑO Y METODOS | AE28: NA
A29: EST-042 | B29: 110 | C29: Phage therapy of perinephric abscess in kidney transplantation recipients caused by drug-resistant Pseudomonas aeruginosa. | D29: mLife | E29: 2025 | F29: articulo | G29: 10.1002/mlf2.70042 | H29: abrir | I29: Liu2025 | J29: A | K29: solo Pseudomonas | L29: PDR | M29: declarado por el autor | N29: si | O29: otra | P29: fago + antibiotico | Q29: caso clinico | R29: COMPLETA | S29: 2 | T29: 2 | U29: 0 | V29: 1 | W29: 0 | X29: NA | Y29: NA | Z29: 2025 | AA29: Erradicación completa de la bacteria patógena (cultivos negativos en heridas y orina), resolución clínica de la infección, cierre completo del tracto sinusal o fístula, reducción significativa de las áreas hipoecoicas/inflamatorias en estudios de imagen y mantenimiento de un estado clínico estable con calidad de vida normal | AB29: =IFERROR(IF(VLOOKUP(D29,Revistas!$A$21:$C$400,3,FALSE)=0,"",VLOOKUP(D29,Revistas!$A$21:$C$400,3,FALSE)),"") -> medio | AC29: China | AD29: DISEÑO Y METODOS | AE29: NA
A30: EST-055 | B30: 138 | C30: Bacteriophage therapy in women with chronic recurrent cystitis caused by multidrug-resistant bacteria: A prospective, observational, comparative study | D30: Current Urology | E30: 2025 | F30: articulo | G30: 10.1097/cu9.0000000000000268 | H30: abrir | I30: Krakhotkin2025 | J30: A | K30: NA | L30: MDR | M30: declarado por el autor | N30: no | O30: oral | P30: fago en monoterapia | Q30: cohorte prospectiva | R30: INCOMPLETA | S30: 45 | T30: NA | U30: 0 | V30: NA | W30: 0 | X30: 0 | Y30: 0 | Z30: 2025 | AA30: Como la reducción y mejoría estadísticamente significativa en los niveles de dolor medidos por la escala VAS y en las puntuaciones de los dominios (típicos, diferenciales y de calidad de vida) del cuestionario ACSS tras 14 días de tratamiento. | AB30: medio | AC30: Rusia | AD30: DISEÑO Y METODOS | AE30: el artículo no reporta este desenlace
A31: EST-074 | B31: 259 | C31: Bacteriophage Therapy for Critical Infections Related to Cardiothoracic Surgery. | D31: Antibiotics (Basel, Switzerland) | E31: 2020 | F31: articulo | G31: 10.3390/antibiotics9050232 | H31: abrir | I31: Rubalskii2020 | J31: A | K31: mixto con subgrupo de Pseudomonas | L31: MDR | M31: declarado por el autor | N31: no | O31: otra | P31: fago + antibiotico | Q31: serie de casos | R31: INCOMPLETA | S31: 8 | T31: 7 | U31: 0 | V31: 7 | W31: 3 | X31: NA | Y31: 0 | Z31: 2020 | AA31: Como la ausencia de detección de las bacterias objetivo en los cultivos de control (sangre, hisopados, lavados bronquiales o drenajes) junto con la curación de heridas y ausencia de signos inflamatorios en imágenes de seguimiento por PET-CT. | AB31: alto | AC31: Alemania | AD31: DISEÑO Y METODOS | AE31: datos solo del estudio entero, no por brazo
A32: EST-075 | B32: 264 | C32: Phage therapy in antibiotic resistant pneumonia: Immunomodulation or redistribution? | D32: Medical Immunology (Russia) | E32: 2021 | F32: articulo | G32: 10.15789/1563-0625-pti-2012 | H32: abrir | I32: Bochkareva2021 | J32: A | K32: NA | L32: MDR | M32: declarado por el autor | N32: no | O32: NA | P32: fago + antibiotico | Q32: ECA | R32: INCOMPLETA | S32: 19 | T32: 19 | U32: NA | V32: 19 | W32: NA | X32: NA | Y32: NA | Z32: 2021 | AA32: Como la sanación de las vías respiratorias (airway sanitation) junto con la superación de la linfopenia y el aumento de la cantidad y actividad funcional de los linfocitos de sangre periférica | AB32: medio | AC32: Rusia | AD32: MATERILAES Y METODOS | AE32: datos solo del estudio entero, no por brazo
A33: EST-077 | B33: 278 | C33: Pseudomonas aeruginosa ventricular assist device infections: findings from ineffective phage therapies in five cases. | D33: Antimicrobial agents and chemotherapy | E33: 2024 | F33: articulo | G33: 10.1128/aac.01728-23 | H33: abrir | I33: Aslam2024 | J33: A | K33: solo Pseudomonas | L33: MDR | M33: declarado por el autor | N33: no | O33: IV | P33: fago + antibiotico | Q33: cohorte retrospectiva | R33: COMPLETA | S33: 4 | T33: 0 | U33: 3 | V33: 0 | W33: 2 | X33: NA | Y33: Na | Z33: 2024 | AA33: El autor no lista criterios estandarizados de éxito, pero enmarca el fracaso clínico por la presencia de bacteriemia intercurrente, la imposibilidad de curar la infección sin retirar el dispositivo de asistencia ventricular (LVAD) y la muerte por la infección subyacente | AB33: =IFERROR(IF(VLOOKUP(D33,Revistas!$A$21:$C$400,3,FALSE)=0,"",VLOOKUP(D33,Revistas!$A$21:$C$400,3,FALSE)),"") -> medio | AC33: multicéntrico (internacional) | AD33: resumen materiales y metodos | AE33: NA
A34: EST-080 | B34: 321 | C34: Bacteriophage Therapy as a Potential Management Option for Surgical Wound Infections | D34: PHAGE: Therapy, Applications, and Research | E34: 2020 | F34: articulo | G34: 10.1089/phage.2020.0010 | H34: abrir | I34: Nadareishvili 2020 | J34: A | K34: solo Pseudomonas | L34: MDR | M34: declarado por el autor | N34: no | O34: oral | P34: fago en monoterapia | Q34: cohorte retrospectiva | R34: COMPLETA | S34: 1 | T34: 1 | U34: 0 | V34: NA | W34: 0 | X34: NA | Y34: 0 | Z34: 2020 | AA34: Curación completa de la herida, cierre del tejido, regeneración con formación de tejido de granulación, desaparición del eritema de la piel y mejora del estado general. | AB34: alto | AC34: Estados unidos | AD34: INTRODUCCION CASE 4 Y RESULTADOS | AE34: el artículo no reporta este desenlace
A35: EST-091 | B35: 387 | C35: Analysis of Pro- and Anti-Inflammatory Gene Response Patterns in Patients Receiving Phage Therapy. | D35: International journal of molecular sciences | E35: 2025 | F35: articulo | G35: 10.3390/ijms27010172 | H35: abrir | I35: Kasprzak2026 | J35: A | K35: mixto con subgrupo de Pseudomonas | L35: no clasificable | M35: declarado por el autor | N35: no | O35: otra | P35: fago en monoterapia | Q35: otra | R35: COMPLETA | S35: 10 | T35: 4 | U35: 0 | V35: NA | W35: 0 | X35: 29 | Y35: 0 | Z35: 2026 | AA35: Escala clínica A–G de Międzybrodzki | AB35: alto | AC35: Polonia | AD35: Abstract, Sección 2.1 (Tabla 1) y Sección 4.1 (Materiales y Métodos) | AE35: el artículo no separa los datos de P. aeruginosa
A36: EST-108 | B36: 606 | C36: Personalized bacteriophage therapy outcomes for 100 consecutive cases: a multicentre, multinational, retrospective observational study. | D36: Nature microbiology | E36: 2024 | F36: articulo | G36: 10.1038/s41564-024-01705-x | H36: abrir | I36: Pirnay2024 | J36: A | K36: mixto con subgrupo de Pseudomonas | L36: por debajo del umbral MDR | M36: declarado por el autor | N36: no | O36: otra | P36: fago + antibiotico | Q36: cohorte retrospectiva | R36: COMPLETA | S36: 20 | T36: NA | U36: Na | V36: NA | W36: NA | X36: NA | Y36: 0 | Z36: 2024 | AA36: Evaluación del médico tratante (“clinical improvement”). No usaron criterios pre-especificados uniformes. | AB36: =IFERROR(IF(VLOOKUP(D36,Revistas!$A$21:$C$400,3,FALSE)=0,"",VLOOKUP(D36,Revistas!$A$21:$C$400,3,FALSE)),"") -> alto | AC36: multicéntrico (Europa) | AD36: Artículo principal + Supplementary Table 1 | AE36: el artículo no reporta este desenlace
A37: EST-108 | B37: 606 | C37: Personalized bacteriophage therapy outcomes for 100 consecutive cases: a multicentre, multinational, retrospective observational study. | D37: Nature microbiology | E37: 2024 | F37: articulo | G37: 10.1038/s41564-024-01705-x | H37: abrir | I37: Pirnay2024 | J37: B | K37: mixto con subgrupo de Pseudomonas | L37: MDR | M37: declarado por el autor | N37: no | O37: otra | P37: fago + antibiotico | Q37: cohorte retrospectiva | R37: COMPLETA | S37: 17 | T37: NA | U37: Na | V37: NA | W37: NA | X37: NA | Y37: 3 | Z37: 2024 | AA37: Evaluación del médico tratante (“clinical improvement”). No usaron criterios pre-especificados uniformes. | AB37: =IFERROR(IF(VLOOKUP(D37,Revistas!$A$21:$C$400,3,FALSE)=0,"",VLOOKUP(D37,Revistas!$A$21:$C$400,3,FALSE)),"") -> alto | AC37: multicéntrico (Europa) | AD37: Artículo principal + Supplementary Table 2 | AE37: el artículo no reporta este desenlace
A38: EST-108 | B38: 606 | C38: Personalized bacteriophage therapy outcomes for 100 consecutive cases: a multicentre, multinational, retrospective observational study. | D38: Nature microbiology | E38: 2024 | F38: articulo | G38: 10.1038/s41564-024-01705-x | H38: abrir | I38: Pirnay2024 | J38: C | K38: mixto con subgrupo de Pseudomonas | L38: XDR | M38: declarado por el autor | N38: no | O38: otra | P38: fago + antibiotico | Q38: cohorte retrospectiva | R38: COMPLETA | S38: 11 | T38: NA | U38: Na | V38: NA | W38: NA | X38: NA | Y38: 3 | Z38: 2024 | AA38: Evaluación del médico tratante (“clinical improvement”). No usaron criterios pre-especificados uniformes. | AB38: =IFERROR(IF(VLOOKUP(D38,Revistas!$A$21:$C$400,3,FALSE)=0,"",VLOOKUP(D38,Revistas!$A$21:$C$400,3,FALSE)),"") -> alto | AC38: multicéntrico (Europa) | AD38: Artículo principal + Supplementary Table 3 | AE38: el artículo no reporta este desenlace
A39: EST-108 | B39: 606 | C39: Personalized bacteriophage therapy outcomes for 100 consecutive cases: a multicentre, multinational, retrospective observational study. | D39: Nature microbiology | E39: 2024 | F39: articulo | G39: 10.1038/s41564-024-01705-x | H39: abrir | I39: Pirnay2024 | J39: D | K39: mixto con subgrupo de Pseudomonas | L39: PDR | M39: declarado por el autor | N39: no | O39: otra | P39: fago + antibiotico | Q39: cohorte retrospectiva | R39: COMPLETA | S39: 2 | T39: NA | U39: Na | V39: NA | W39: NA | X39: NA | Y39: 0 | Z39: 2024 | AA39: Evaluación del médico tratante (“clinical improvement”). No usaron criterios pre-especificados uniformes. | AB39: =IFERROR(IF(VLOOKUP(D39,Revistas!$A$21:$C$400,3,FALSE)=0,"",VLOOKUP(D39,Revistas!$A$21:$C$400,3,FALSE)),"") -> alto | AC39: multicéntrico (Europa) | AD39: Artículo principal + Supplementary Table 4 | AE39: el artículo no reporta este desenlace
A40: EST-116 | B40: 687 | C40: Processing Phage Therapy Requests in a Brussels Military Hospital: Lessons Identified. | D40: Viruses | E40: 2019 | F40: articulo | G40: 10.3390/v11030265 | H40: abrir | I40: Djebara2019 | J40: A | K40: mixto con subgrupo de Pseudomonas | L40: MDR | M40: declarado por el autor | N40: no | O40: otra | P40: fago + antibiotico | Q40: ensayo no aleatorizado | R40: COMPLETA | S40: 260 | T40: NA | U40: Na | V40: NA | W40: NA | X40: NA | Y40: Na | Z40: 2019 | AA40: NA | AB40: =IFERROR(IF(VLOOKUP(D40,Revistas!$A$21:$C$400,3,FALSE)=0,"",VLOOKUP(D40,Revistas!$A$21:$C$400,3,FALSE)),"") -> medio | AC40: Bélgica | AD40: MATERILAES Y METODOS | AE40: el artículo no separa los datos de P. aeruginosa
A41: EST-117 | B41: 708 | C41: Anti-phage serum antibody responses and the outcome of phage therapy. | D41: Folia microbiologica | E41: 2021 | F41: articulo | G41: 10.1007/s12223-020-00835-z | H41: abrir | I41: Szelachowska2021 | J41: A | K41: mixto con subgrupo de Pseudomonas | L41: no clasificable | M41: declarado por el autor | N41: no | O41: oral | P41: fago en monoterapia | Q41: serie de casos | R41: COMPLETA | S41: 1 | T41: 1 | U41: Na | V41: NA | W41: 0 | X41: NA | Y41: Na | Z41: 2021 | AA41: A–C = positivo (A = erradicación/recuperación; B = buen resultado clínico; C = mejoría clínica) | AB41: medio | AC41: Polonia | AD41: MATERILAES Y METODOS | AE41: el artículo no reporta este desenlace
A42: EST-134 | B42: 896 | C42: Adapted Bacteriophages for Treating Urinary Tract Infections. | D42: Frontiers in microbiology | E42: 2018 | F42: articulo | G42: 30131795 | H42: abrir | I42: Ujmajuridze2018 | J42: A | K42: mixto con subgrupo de Pseudomonas | L42: no clasificable | M42: declarado por el autor | N42: no | O42: intravesical | P42: NA | Q42: cohorte prospectiva | R42: COMPLETA | S42: 9 | T42: 6 | U42: 0 | V42: 6 | W42: 0 | X42: NA | Y42: Na | Z42: 2018 | AA42: Disminución del título bacteriano | AB42: alto | AC42: Suiza | AD42: MATERILAES Y METODOS | AE42: el artículo no separa los datos de P. aeruginosa
A43: EST-146 | B43: 1239 | C43: A Retrospective, Observational Study of 12 Cases of Expanded-Access Customized Phage Therapy: Production, Characteristics, and Clinical Outcomes. | D43: Clinical infectious diseases : an official publication of the Infectious Diseases Society of America | E43: 2023 | F43: articulo | G43: 10.1093/cid/ciad335 | H43: abrir | I43: Green2023 | J43: A | K43: mixto con subgrupo de Pseudomonas | L43: no clasificable | M43: declarado por el autor | N43: no | O43: otra | P43: fago + antibiotico | Q43: cohorte retrospectiva | R43: COMPLETA | S43: 12 | T43: 7 | U43: 0 | V43: 5 | W43: 0 | X43: NA | Y43: Na | Z43: 2023 | AA43: Erradicación bacteriana + mejora clínica | AB43: =IFERROR(IF(VLOOKUP(D43,Revistas!$A$21:$C$400,3,FALSE)=0,"",VLOOKUP(D43,Revistas!$A$21:$C$400,3,FALSE)),"") -> alto | AC43: Estados Unidos | AD43: MATERILAES Y METODOS | AE43: el artículo no separa los datos de P. aeruginosa
A44: EST-152 | B44: 1410 | C44: The Appearance of Antiphage Antibodies in Sera of Patients Treated with Phages | D44: Antibiotics | E44: 2025 | F44: articulo | G44: 10.3390/antibiotics14010087 | H44: abrir | I44: Szelachowska2025 | J44: A | K44: mixto con subgrupo de Pseudomonas | L44: no clasificable | M44: declarado por el autor | N44: no | O44: otra | P44: NA | Q44: cohorte retrospectiva | R44: COMPLETA | S44: NA | T44: NA | U44: Na | V44: 0 | W44: NA | X44: NA | Y44: Na | Z44: 2025 | AA44: Erradicación bacteriana + mejora clínica | AB44: =IFERROR(IF(VLOOKUP(D44,Revistas!$A$21:$C$400,3,FALSE)=0,"",VLOOKUP(D44,Revistas!$A$21:$C$400,3,FALSE)),"") -> medio | AC44: Polonia | AD44: MATERILAES Y METODOS | AE44: el artículo no separa los datos de P. aeruginosa
A45: EST-169 | B45: 2315 | C45: Safety and tolerability of bronchoscopic and nebulised administration of bacteriophage. | D45: Virus research | E45: 2024 | F45: articulo | G45: 10.1016/j.virusres.2024.199442 | H45: abrir | I45: Sing2024 | J45: A | K45: solo Pseudomonas | L45: no clasificable | M45: declarado por el autor | N45: no | O45: IV | P45: fago + antibiotico | Q45: serie de casos | R45: COMPLETA | S45: 2 | T45: 2 | U45: 0 | V45: 1 | W45: 0 | X45: 14 | Y45: Na | Z45: 2024 | AA45: Mejora de FEV1 % + erradicación microbiológica | AB45: alto | AC45: Australia | AD45: MATERILAES Y METODOS | AE45: el antibiograma no permite clasificar la resistencia
A46: EST-003 | B46: 3 | C46: Refractory Pseudomonas aeruginosa infections treated with phage PASA16: A compassionate use case series. | D46: Med (New York, N.Y.) | E46: 2023 | F46: articulo | G46: 10.1016/j.medj.2023.07.002 | H46: abrir | I46: Onallah2023 | J46: A | K46: solo Pseudomonas | L46: no clasificable | M46: declarado por el autor | N46: no | O46: NA | P46: NA | Q46: serie de casos | R46: COMPLETA | S46: 1 | T46: Na | U46: Na | V46: Na | W46: Na | X46: Na | Y46: Na | Z46: 2023 | AA46: En conclusión, parece que para los pacientes con infecciones persistentes por P. aeruginosa para los que la terapia convencional previa ha fracasado, el bacteriófago PASA16 puede ofrecer una opción de tratamiento razonable y segura, aunque se necesitan estudios prospectivos más amplios para definir mejor la susceptibilidad, el esquema de dosificación y la duración. Nuestro estudio ofrece una base potencial para dichos estudios, así como casos de uso compasivos en necesidad. | AB46: =IFERROR(IF(VLOOKUP(D46,Revistas!$A$21:$C$400,3,FALSE)=0,"",VLOOKUP(D46,Revistas!$A$21:$C$400,3,FALSE)),"") -> alto | AC46: Israel | AD46: Tabla 4. Descripción general de los 16 casos de terapia con bacteriófagos PASA16 | AE46: Na
A47: EST-003 | B47: 3 | C47: Refractory Pseudomonas aeruginosa infections treated with phage PASA16: A compassionate use case series. | D47: Med (New York, N.Y.) | E47: 2023 | F47: articulo | G47: 10.1016/j.medj.2023.07.002 | H47: abrir | I47: Onallah2023 | J47: B | K47: solo Pseudomonas | L47: por debajo del umbral MDR | M47: declarado por el autor | N47: no | O47: IV | P47: fago + antibiotico | Q47: serie de casos | R47: COMPLETA | S47: 5 | T47: 5 | U47: 0 | V47: 5 | W47: 0 | X47: Na | Y47: Na | Z47: 2023 | AA47: En conclusión, parece que para los pacientes con infecciones persistentes por P. aeruginosa para los que la terapia convencional previa ha fracasado, el bacteriófago PASA16 puede ofrecer una opción de tratamiento razonable y segura, aunque se necesitan estudios prospectivos más amplios para definir mejor la susceptibilidad, el esquema de dosificación y la duración. Nuestro estudio ofrece una base potencial para dichos estudios, así como casos de uso compasivos en necesidad. | AB47: =IFERROR(IF(VLOOKUP(D47,Revistas!$A$21:$C$400,3,FALSE)=0,"",VLOOKUP(D47,Revistas!$A$21:$C$400,3,FALSE)),"") -> alto | AC47: Israel | AD47: Tabla 4. Descripción general de los 16 casos de terapia con bacteriófagos PASA16 | AE47: Na
A48: EST-003 | B48: 3 | C48: Refractory Pseudomonas aeruginosa infections treated with phage PASA16: A compassionate use case series. | D48: Med (New York, N.Y.) | E48: 2023 | F48: articulo | G48: 10.1016/j.medj.2023.07.002 | H48: abrir | I48: Onallah2023 | J48: C | K48: solo Pseudomonas | L48: MDR | M48: declarado por el autor | N48: no | O48: IV | P48: fago + antibiotico | Q48: serie de casos | R48: COMPLETA | S48: 5 | T48: 4 | U48: 2 | V48: 4 | W48: 1 | X48: Na | Y48: Na | Z48: 2023 | AA48: En conclusión, parece que para los pacientes con infecciones persistentes por P. aeruginosa para los que la terapia convencional previa ha fracasado, el bacteriófago PASA16 puede ofrecer una opción de tratamiento razonable y segura, aunque se necesitan estudios prospectivos más amplios para definir mejor la susceptibilidad, el esquema de dosificación y la duración. Nuestro estudio ofrece una base potencial para dichos estudios, así como casos de uso compasivos en necesidad. | AB48: =IFERROR(IF(VLOOKUP(D48,Revistas!$A$21:$C$400,3,FALSE)=0,"",VLOOKUP(D48,Revistas!$A$21:$C$400,3,FALSE)),"") -> alto | AC48: Israel | AD48: Tabla 4. Descripción general de los 16 casos de terapia con bacteriófagos PASA16 | AE48: Na
A49: EST-003 | B49: 3 | C49: Refractory Pseudomonas aeruginosa infections treated with phage PASA16: A compassionate use case series. | D49: Med (New York, N.Y.) | E49: 2023 | F49: articulo | G49: 10.1016/j.medj.2023.07.002 | H49: abrir | I49: Onallah2023 | J49: D | K49: solo Pseudomonas | L49: XDR | M49: declarado por el autor | N49: no | O49: IV | P49: fago + antibiotico | Q49: serie de casos | R49: COMPLETA | S49: 4 | T49: 3 | U49: 2 | V49: 3 | W49: 1 | X49: Na | Y49: Na | Z49: 2023 | AA49: En conclusión, parece que para los pacientes con infecciones persistentes por P. aeruginosa para los que la terapia convencional previa ha fracasado, el bacteriófago PASA16 puede ofrecer una opción de tratamiento razonable y segura, aunque se necesitan estudios prospectivos más amplios para definir mejor la susceptibilidad, el esquema de dosificación y la duración. Nuestro estudio ofrece una base potencial para dichos estudios, así como casos de uso compasivos en necesidad. | AB49: =IFERROR(IF(VLOOKUP(D49,Revistas!$A$21:$C$400,3,FALSE)=0,"",VLOOKUP(D49,Revistas!$A$21:$C$400,3,FALSE)),"") -> alto | AC49: Israel | AD49: Tabla 4. Descripción general de los 16 casos de terapia con bacteriófagos PASA16 | AE49: Na
A50: EST-003 | B50: 3 | C50: Refractory Pseudomonas aeruginosa infections treated with phage PASA16: A compassionate use case series. | D50: Med (New York, N.Y.) | E50: 2023 | F50: articulo | G50: 10.1016/j.medj.2023.07.002 | H50: abrir | I50: Onallah2023 | J50: E | K50: solo Pseudomonas | L50: PDR | M50: declarado por el autor | N50: no | O50: IV | P50: fago + antibiotico | Q50: serie de casos | R50: COMPLETA | S50: 1 | T50: 1 | U50: 0 | V50: 1 | W50: 0 | X50: Na | Y50: Na | Z50: 2023 | AA50: En conclusión, parece que para los pacientes con infecciones persistentes por P. aeruginosa para los que la terapia convencional previa ha fracasado, el bacteriófago PASA16 puede ofrecer una opción de tratamiento razonable y segura, aunque se necesitan estudios prospectivos más amplios para definir mejor la susceptibilidad, el esquema de dosificación y la duración. Nuestro estudio ofrece una base potencial para dichos estudios, así como casos de uso compasivos en necesidad. | AB50: =IFERROR(IF(VLOOKUP(D50,Revistas!$A$21:$C$400,3,FALSE)=0,"",VLOOKUP(D50,Revistas!$A$21:$C$400,3,FALSE)),"") -> alto | AC50: Israel | AD50: Tabla 4. Descripción general de los 16 casos de terapia con bacteriófagos PASA16 | AE50: Na
A51: EST-019 | B51: 35 | C51: Neutralizing antibodies after nebulized phage therapy in cystic fibrosis patients. | D51: Med (New York, N.Y.) | E51: 2024 | F51: articulo | G51: 10.1016/j.medj.2024.05.017 | H51: abrir | I51: Gimeno2024 | J51: A | K51: mixto con subgrupo de Pseudomonas | L51: MDR | M51: declarado por el autor | N51: no | O51: inhalada/nebulizada | P51: fago + antibiotico | Q51: serie de casos | R51: INCOMPLETA | S51: 2 | T51: 1 | U51: 0 | V51: 0 | W51: 0 | X51: NA | Y51: Na | Z51: 2024 | AA51: Reducción de carga bacteriana + mejoría de calidad de vida | AB51: =IFERROR(IF(VLOOKUP(D51,Revistas!$A$21:$C$400,3,FALSE)=0,"",VLOOKUP(D51,Revistas!$A$21:$C$400,3,FALSE)),"") -> alto | AC51: España | AD51: MATERILAES Y METODOS | AE51: el artículo no reporta este desenlace
A52: EST-028 | B52: 64 | C52: A feasibility study for personalized phage therapy against drug-resistant bacteria in Japan. | D52: Journal of infection and chemotherapy : official journal of the Japan Society of Chemotherapy | E52: 2025 | F52: articulo | G52: 10.1016/j.jiac.2025.102770 | H52: abrir | I52: Hayakawa2025 | J52: A | K52: mixto con subgrupo de Pseudomonas | L52: MDR | M52: declarado por el autor | N52: SI | O52: NA | P52: fago + antibiotico | Q52: otra | R52: INCOMPLETA | S52: 30 | T52: NA | U52: Na | V52: NA | W52: 6 | X52: NA | Y52: Na | Z52: 2025 | AA52: NA | AB52: medio | AC52: japon | AD52: INTRODUCCION Y RESULTADOS | AE52: texto completo no accesible
A53: EST-031 | B53: 68 | C53: Harnessing bacteriophages to combat antibiotic-resistant chronic postoperative infections: A promising case series | D53: Medicine in Microecology | E53: 2026 | F53: articulo | G53: 10.1016/j.medmic.2026.100178 | H53: abrir | I53: Kumar2026 | J53: A | K53: solo Pseudomonas | L53: MDR | M53: declarado por el autor | N53: si | O53: topica/local | P53: fago en monoterapia | Q53: serie de casos | R53: COMPLETA | S53: 1 | T53: 1 | U53: 0 | V53: 1 | W53: 0 | X53: NA | Y53: NA | Z53: 2026 | AA53: Cicatrización completa de la herida + resolución de la infección + retención de la prótesis | AB53: medio | AC53: India | AD53: INTRODUCCION Y RESULTADOS | AE53: NA
A54: EST-034 | B54: 75 | C54: Lessons Learned From the First 10 Consecutive Cases of Intravenous Bacteriophage Therapy to Treat Multidrug-Resistant Bacterial Infections at a Single Center in the United States. | D54: Open forum infectious diseases | E54: 2020 | F54: articulo | G54: 10.1093/ofid/ofaa389 | H54: abrir | I54: Aslam2020 | J54: A | K54: mixto con subgrupo de Pseudomonas | L54: MDR | M54: declarado por el autor | N54: no | O54: iv | P54: fago + antibiotico | Q54: cohorte retrospectiva | R54: INCOMPLETA | S54: 10 | T54: 7 | U54: 0 | V54: NA | W54: NA | X54: NA | Y54: NA | Z54: 2020 | AA54: Resolución o control de la infección recalcitrante | AB54: =IFERROR(IF(VLOOKUP(D54,Revistas!$A$21:$C$400,3,FALSE)=0,"",VLOOKUP(D54,Revistas!$A$21:$C$400,3,FALSE)),"") -> medio | AC54: Estados unidos | AD54: INTRODUCCION Y RESULTADOS | AE54: el artículo no separa los datos de P. aeruginosa
A55: EST-038 | B55: 95 | C55: Phage Therapy Experience at the Eliava Phage Therapy Center: Three Cases of Bacterial Persistence. | D55: Viruses | E55: 2021 | F55: articulo | G55: 10.3390/v13101901 | H55: abrir | I55: Zaldastanishvili2021 | J55: A | K55: solo Pseudomonas | L55: no clasificable | M55: declarado por el autor | N55: no | O55: inhalada/nebulizada | P55: fago + antibiotico | Q55: cohorte retrospectiva | R55: COMPLETA | S55: 2 | T55: 0 | U55: 0 | V55: 0 | W55: 0 | X55: NA | Y55: Na | Z55: 2021 | AA55: Mejoría de la enfermedad a pesar de la persistencia bacteriana | AB55: =IFERROR(IF(VLOOKUP(D55,Revistas!$A$21:$C$400,3,FALSE)=0,"",VLOOKUP(D55,Revistas!$A$21:$C$400,3,FALSE)),"") -> medio | AC55: Estados Unidos | AD55: INTRODUCCION Y RESULTADOS | AE55: el artículo no reporta este desenlace
A56: EST-050 | B56: 130 | C56: Access to phage therapy at Hospices Civils de Lyon in 2022: Implementation of the PHAGEinLYON Clinic programme. | D56: International journal of antimicrobial agents | E56: 2024 | F56: articulo | G56: 10.1016/j.ijantimicag.2024.107372 | H56: abrir | I56: Ferry2024 | J56: A | K56: mixto con subgrupo de Pseudomonas | L56: no clasificable | M56: declarado por el autor | N56: no | O56: topica/local | P56: fago + antibiotico | Q56: cohorte retrospectiva | R56: PARCIAL | S56: 26 | T56: 18 | U56: Na | V56: 18 | W56: NA | X56: NA | Y56: Na | Z56: 2024 | AA56: Evolución clínica favorable | AB56: medio | AC56: francia | AD56: INTRODUCCION Y RESULTADOS | AE56: el artículo no separa los datos de P. aeruginosa
A57: EST-059 | B57: 151 | C57: Anti-phage antibody response in phage therapy against healthcare-associated infections (HAIs) | D57: Infektsionnye Bolezni | E57: 2017 | F57: articulo | G57: 10.20953/1729-9225-2017-1-35-40 | H57: abrir | I57: Bochkareva2017 | J57: A | K57: mixto con subgrupo de Pseudomonas | L57: no clasificable | M57: declarado por el autor | N57: no | O57: NA | P57: NA | Q57: NA | R57: INCOMPLETA | S57: NA | T57: NA | U57: Na | V57: NA | W57: NA | X57: NA | Y57: Na | Z57: 2017 | AA57: NA | AB57: medio | AC57: Rusia | AD57: INTRODUCCION Y RESULTADOS | AE57: texto completo no accesible
A58: EST-061 | B58: 156 | C58: Early clinical experience of bacteriophage therapy in 3 lung transplant recipients. | D58: American journal of transplantation : official journal of the American Society of Transplantation and the American Society of Transplant Surgeons | E58: 2019 | F58: articulo | G58: 10.1111/ajt.15503 | H58: abrir | I58: Aslam2019 | J58: A | K58: solo Pseudomonas | L58: MDR | M58: declarado por el autor | N58: no | O58: iv | P58: fago + antibiotico | Q58: serie de casos | R58: COMPLETA | S58: 2 | T58: 2 | U58: 0 | V58: NA | W58: 0 | X58: NA | Y58: Na | Z58: 2019 | AA58: Respuesta clínica + alta hospitalaria sin soporte ventilatorio | AB58: =IFERROR(IF(VLOOKUP(D58,Revistas!$A$21:$C$400,3,FALSE)=0,"",VLOOKUP(D58,Revistas!$A$21:$C$400,3,FALSE)),"") -> alto | AC58: Estados Unidos | AD58: INTRODUCCION Y RESULTADOS | AE58: el artículo no reporta este desenlace
A59: EST-070 | B59: 220 | C59: Compassionate Use of Bacteriophages for Failed Persistent Infections During the First 5 Years of the Israeli Phage Therapy Center | D59: Open Forum Infectious Diseases | E59: 2023 | F59: articulo | G59: 10.1093/ofid/ofad221 | H59: abrir | I59: Onallah2023 | J59: A | K59: mixto con subgrupo de Pseudomonas | L59: MDR | M59: declarado por el autor | N59: no | O59: otra | P59: fago + antibiotico | Q59: cohorte retrospectiva | R59: COMPLETA | S59: 18 | T59: 14 | U59: Na | V59: NA | W59: NA | X59: NA | Y59: NA | Z59: 2023 | AA59: Remisión o recuperación | AB59: =IFERROR(IF(VLOOKUP(D59,Revistas!$A$21:$C$400,3,FALSE)=0,"",VLOOKUP(D59,Revistas!$A$21:$C$400,3,FALSE)),"") -> medio | AC59: Israel | AD59: INTRODUCCION Y RESULTADOS | AE59: el artículo no separa los datos de P. aeruginosa
A60: EST-073 | B60: 253 | C60: Bacteriophage Therapy of Chronic Nonhealing Wound: Clinical Study. | D60: The international journal of lower extremity wounds | E60: 2019 | F60: articulo | G60: 10.1177/1534734619835115 | H60: abrir | I60: Gupta2019 | J60: A | K60: mixto con subgrupo de Pseudomonas | L60: no clasificable | M60: declarado por el autor | N60: no | O60: topica/local | P60: fago + antibiotico | Q60: otra | R60: INCOMPLETA | S60: 20 | T60: NA | U60: Na | V60: NA | W60: NA | X60: NA | Y60: Na | Z60: 2019 | AA60: NA | AB60: medio | AC60: NA | AD60: abstracto | AE60: texto completo no accesible
A61: EST-076 | B61: 274 | C61: Experience Using Adjuvant Bacteriophage Therapy for the Treatment of 10 Recalcitrant Periprosthetic Joint Infections: A Case Series. | D61: Clinical infectious diseases : an official publication of the Infectious Diseases Society of America | E61: 2023 | F61: articulo | G61: 10.1093/cid/ciac694 | H61: abrir | I61: Doub2023 | J61: A | K61: NA | L61: no clasificable | M61: declarado por el autor | N61: no | O61: iv | P61: fago + antibiotico | Q61: serie de casos | R61: COMPLETA | S61: 10 | T61: 0 | U61: Na | V61: NA | W61: NA | X61: NA | Y61: Na | Z61: 2023 | AA61: Control de infección + salvamento de extremidad / retención de prótesis | AB61: =IFERROR(IF(VLOOKUP(D61,Revistas!$A$21:$C$400,3,FALSE)=0,"",VLOOKUP(D61,Revistas!$A$21:$C$400,3,FALSE)),"") -> alto | AC61: Estados Unidos | AD61: INTRODUCCION Y RESULTADOS | AE61: el artículo no separa los datos de P. aeruginosa
A62: EST-096 | B62: 443 | C62: Low immunogenicity of intravesical phage therapy for urogenitary tract infections | D62: Antibiotics | E62: 2021 | F62: articulo | G62: 10.3390/antibiotics10060627 | H62: abrir | I62: Letkiewicz2021 | J62: A | K62: mixto con subgrupo de Pseudomonas | L62: MDR | M62: declarado por el autor | N62: no | O62: intravesical | P62: fago + antibiotico | Q62: serie de casos | R62: PARCIAL | S62: NA | T62: NA | U62: Na | V62: NA | W62: NA | X62: NA | Y62: Na | Z62: 2021 | AA62: NA | AB62: =IFERROR(IF(VLOOKUP(D62,Revistas!$A$21:$C$400,3,FALSE)=0,"",VLOOKUP(D62,Revistas!$A$21:$C$400,3,FALSE)),"") -> medio | AC62: Polonia | AD62: INTRODUCCION Y RESULTADOS | AE62: otro (explicar al lado) | AF62: El paper se centra en la respuesta de anticuerpos, no en desglosar resultados clínicos por germen. Número exacto de pacientes con P. aeruginosa no está claro.
A63: EST-098 | B63: 451 | C63: Bacteriophage therapy as a treatment option for complex cardiovascular implant infection: The German Heart Center Berlin experience. | D63: The Journal of heart and lung transplantation : the official publication of the International Society for Heart Transplantation | E63: 2022 | F63: articulo | G63: 10.1016/j.healun.2022.01.018 | H63: abrir | I63: Tkhilaishvili2022 | J63: A | K63: NA | L63: no clasificable | M63: declarado por el autor | N63: no | O63: iv | P63: fago + antibiotico | Q63: NA | R63: INCOMPLETA | S63: NA | T63: NA | U63: Na | V63: NA | W63: NA | X63: NA | Y63: Na | Z63: 2022 | AA63: NA | AB63: alto | AC63: NA | AD63: abstracto | AE63: texto completo no accesible
A64: EST-115 | B64: 666 | C64: Antiphage activity of sera during phage therapy in relation to its outcome. | D64: Future microbiology | E64: 2017 | F64: articulo | G64: 10.2217/fmb-2016-0156 | H64: abrir | I64: Szelachowska2016 | J64: A | K64: NA | L64: no clasificable | M64: declarado por el autor | N64: no | O64: NA | P64: NA | Q64: NA | R64: INCOMPLETA | S64: NA | T64: NA | U64: Na | V64: NA | W64: NA | X64: NA | Y64: Na | Z64: 2016 | AA64: NA | AB64: medio | AC64: NA | AD64: abstracto | AE64: texto completo no accesible
A65: EST-133 | B65: 890 | C65: Phage therapy for the treatment for urinary tract infection: results of in-vitro screenings and in-vivo application using commercially available bacteriophage cocktails | D65: European urology, supplements | E65: 2016 | F65: resumen de congreso | G65: cita: Eur Urol Suppl 2016 (informe previo del grupo de Leitner) | H65: abrir | I65: NA | J65: A | K65: NA | L65: no clasificable | M65: no clasificable | N65: no | O65: NA | P65: NA | Q65: NA | R65: INCOMPLETA | S65: NA | T65: NA | U65: Na | V65: NA | W65: NA | X65: NA | Y65: Na | Z65: na | AA65: NA | AB65: na | AC65: NA | AD65: NA | AE65: texto completo no accesible
A66: EST-164 | B66: 2083 | C66: Bacteriophage Application for Difficult-to-treat Musculoskeletal Infections: Development of a Standardized Multidisciplinary Treatment Protocol. | D66: Viruses | E66: 2019 | F66: articulo | G66: 10.3390/v11100891 | H66: abrir | I66: Onsea2019 | J66: A | K66: mixto con subgrupo de Pseudomonas | L66: MDR | M66: declarado por el autor | N66: si | O66: otra | P66: fago + antibiotico | Q66: serie de casos | R66: COMPLETA | S66: 2 | T66: 2 | U66: 0 | V66: 2 | W66: 0 | X66: NA | Y66: Na | Z66: 2019 | AA66: Ausencia de recurrencia de la infección con las cepas causantes | AB66: =IFERROR(IF(VLOOKUP(D66,Revistas!$A$21:$C$400,3,FALSE)=0,"",VLOOKUP(D66,Revistas!$A$21:$C$400,3,FALSE)),"") -> medio | AC66: belgica | AD66: INTRODUCCION Y RESULTADOS | AE66: NA
A67: EST-165 | B67: 2173 | C67: Use of Customized Bacteriophages in the Treatment of Chronic Nonhealing Wounds: A Prospective Study. | D67: The international journal of lower extremity wounds | E67: 2021 | F67: articulo | G67: 10.1177/1534734619881076 | H67: abrir | I67: Patel2019 | J67: A | K67: NA | L67: no clasificable | M67: no clasificable | N67: NO | O67: NA | P67: NA | Q67: NA | R67: INCOMPLETA | S67: NA | T67: NA | U67: Na | V67: NA | W67: NA | X67: NA | Y67: Na | Z67: 2019 | AA67: NA | AB67: medio | AC67: NA | AD67: INTRODUCCION | AE67: texto completo no accesible
A68: EST-185 | B68: 3913 | C68: The management of sternal mediastinitis in heart and lung transplant patients: An 8-year experience and application of reconstructive algorithm | D68: Journal of Plastic, Reconstructive and Aesthetic Surgery | E68: 2026 | F68: articulo | G68: 10.1016/j.bjps.2026.06.028 | H68: abrir | I68: FU2026 | J68: A | K68: NA | L68: no clasificable | M68: no clasificable | N68: NO | O68: NA | P68: NA | Q68: NA | R68: INCOMPLETA | S68: NA | T68: NA | U68: Na | V68: NA | W68: NA | X68: NA | Y68: Na | Z68: 2026 | AA68: NA | AB68: medio | AC68: Reino Unido | AD68: INTRODUCCION Y RESULTADOS | AE68: el artículo no reporta este desenlace
A69: EST-001 | B69: 1 | C69: Case Report: Arthroscopic "Debridement Antibiotics and Implant Retention" With Local Injection of Personalized Phage Therapy to Salvage a Relapsing Pseudomonas Aeruginosa Prostheti | D69: Frontiers in medicine | E69: 2021 | F69: articulo | G69: 10.3389/fmed.2021.569159 | H69: abrir | I69: Ferry2021 | J69: A | K69: solo Pseudomonas | L69: por debajo del umbral MDR | M69: declarado por el autor | N69: no | O69: intraarticular | P69: fago + antibiotico | Q69: caso clinico | R69: PARCIAL | S69: 1 | T69: 1 | U69: 0 | V69: 1 | W69: 0 | X69: Na | Y69: Na | Z69: 2021 | AA69: Los datos actuales sugieren que el procedimiento PhagoDAIR por artroscopia tiene el potencial de ser utilizado como terapia de rescate para pacientes con P. aeruginosa PJI recidivante, en combinación con terapia antimicrobiana supresora. Un estudio clínico de fase II merece ser realizado para confirmar esta hipótesis. | AB69: =IFERROR(IF(VLOOKUP(D69,Revistas!$A$21:$C$400,3,FALSE)=0,"",VLOOKUP(D69,Revistas!$A$21:$C$400,3,FALSE)),"") -> medio | AC69: Francia | AD69: Informe del caso | AE69: Falta el antibiograma
A70: EST-002 | B70: 2 | C70: Case report: Analysis of phage therapy failure in a patient with a Pseudomonas aeruginosa prosthetic vascular graft infection. | D70: Frontiers in medicine | E70: 2023 | F70: articulo | G70: 10.3389/fmed.2023.1199657 | H70: abrir | I70: Blasco2023 | J70: A | K70: solo Pseudomonas | L70: MDR | M70: declarado por el autor | N70: no | O70: otra | P70: fago + antibiotico | Q70: caso clinico | R70: COMPLETA | S70: 1 | T70: 0 | U70: 0 | V70: 0 | W70: 0 | X70: Na | Y70: Na | Z70: 2023 | AA70: En conclusión, en las infecciones complejas por P. aeruginosa, la elección de la terapia antibiótica y su duración son cruciales para minimizar la presión antibiótica y el desarrollo de la resistencia. Aunque no hemos demostrado que el tratamiento con fagos haya sido efectivo en este caso, el estudio de los mecanismos moleculares de resistencia a los fagos y las interacciones bacterias-fágos son clave para mejorar la terapia con fagos en un futuro próximo. | AB70: =IFERROR(IF(VLOOKUP(D70,Revistas!$A$21:$C$400,3,FALSE)=0,"",VLOOKUP(D70,Revistas!$A$21:$C$400,3,FALSE)),"") -> medio | AC70: España | AD70: Informe del caso | AE70: Na
A71: EST-006 | B71: 6 | C71: Phage Therapy in a Burn Patient Colonized with Extensively Drug-Resistant Pseudomonas aeruginosa Responsible for Relapsing Ventilator-Associated Pneumonia and Bacteriemia. | D71: Viruses | E71: 2024 | F71: articulo | G71: 10.3390/v16071080 | H71: abrir | I71: Teney2024 | J71: A | K71: solo Pseudomonas | L71: XDR | M71: declarado por el autor | N71: si | O71: IV | P71: fago + antibiotico | Q71: caso clinico | R71: COMPLETA | S71: 1 | T71: 1 | U71: 0 | V71: 1 | W71: 0 | X71: 2 meses | Y71: Na | Z71: 2024 | AA71: En este caso, el efecto sinérgico de la administración de fagos y las dosis más bajas de antibióticos podrían haber sido la razón del resultado positivo. Los fagos permitieron dosis más bajas de antibióticos y redujeron sus toxicidades, que eran graves y no controlaban la colonización respiratoria. Aunque el PAS no resultó en un éxito microbiano, el resultado clínico fue favorable. La inmunoestimulación también puede influir en el resultado. Facilitar el uso de la terapia con fagos sobre la base del uso compasivo es el primer paso antes de llevar a cabo ensayos terapéuticos para demostrar su valor añadido para esta indicación. Este tratamiento adaptado al paciente fue posible debido a la baja respuesta inmune a la infección y la disponibilidad de los fagos listos para usar, con un fagograma compatible en la cepa de P. aeruginosa del paciente. | AB71: =IFERROR(IF(VLOOKUP(D71,Revistas!$A$21:$C$400,3,FALSE)=0,"",VLOOKUP(D71,Revistas!$A$21:$C$400,3,FALSE)),"") -> medio | AC71: Francia | AD71: Tabla 1 figura 2 | AE71: Na
A72: EST-009 | B72: 9 | C72: Case Report: Chronic Bacterial Prostatitis Treated With Phage Therapy After Multiple Failed Antibiotic Treatments. | D72: Frontiers in pharmacology | E72: 2021 | F72: articulo | G72: 10.3389/fphar.2021.692614 | H72: abrir | I72: Johri2021 | J72: A | K72: NA | L72: no clasificable | M72: no clasificable | N72: no derivable | O72: NA | P72: NA | Q72: caso clinico | R72: COMPLETA | S72: 1 | T72: 1 | U72: 0 | V72: 1 | W72: 0 | X72: Na | Y72: Na | Z72: 2021 | AA72: El paciente descrito en este estudio de caso se sometió a numerosos ciclos de antibióticos sin mejoría en los síntomas o evaluación adecuada, como análisis bacteriológico y TRUS. Este fracaso de los antibióticos para proporcionar mejora clínica lo llevó a buscar un tratamiento alternativo. La terapia con fagos mostró eficacia tanto en la erradicación de bacterias patógenas como se observó en repetidos análisis microbiológicos y la reducción de la inflamación en la próstata, así como en el volumen sin cargar al paciente con efectos secundarios. La calidad de vida del paciente mejoró drásticamente. Ahora está libre de síntomas y ha restaurado la actividad normal. | AB72: =IFERROR(IF(VLOOKUP(D72,Revistas!$A$21:$C$400,3,FALSE)=0,"",VLOOKUP(D72,Revistas!$A$21:$C$400,3,FALSE)),"") | AC72: Estados unidos | AD72: Tabla 1 y tabla 2 | AE72: No es pseudomona
A73: EST-010 | B73: 10 | C73: Personalized bacteriophage therapy to treat pandrug-resistant spinal Pseudomonas aeruginosa infection. | D73: Nature Communications | E73: 2022 | F73: articulo | G73: 10.1038/s41467-022-31837-9 | H73: abrir | I73: Ferry2022 | J73: A | K73: solo Pseudomonas | L73: PDR | M73: declarado por el autor | N73: no | O73: intraarticular | P73: fago + antibiotico | Q73: caso clinico | R73: COMPLETA | S73: 1 | T73: 1 | U73: 0 | V73: 1 | W73: 0 | X73: Na | Y73: Na | Z73: 2022 | AA73: En el presente caso, un factor limitante fue el tiempo para examinar, producir y purificar los bacteriófagos (en total 3 meses) antes de que se pudiera administrar al paciente un cóctel de fagos premontado, personalizado y dirigido como adyuvante para la cirugía y los antibióticos. En consecuencia, tener acceso a una colección de fagos purificados, que podrían usarse en un corto retraso, podría ser extremadamente importante para futuros tratamientos de infecciones bacterianas tan graves. Por lo menos, el presente estudio de caso ha demostrado una vez más la seguridad de los fagos purificados, administrados varias veces localmente y por vía intravenosa. En consecuencia, con respecto al enfoque altamente personalizado necesario para la terapia de fagos, las colaboraciones académicas, además de los actores industriales, son muy valiosas para desarrollar el campo. De hecho, como se ha demostrado aquí, una colaboración académica europea única en el contexto de un tratamiento que salva vidas proporcionó nuevamente datos importantes que, con suerte, facilitarán el establecimiento y la realización de ensayos clínicos en una indicación principalmente relevante. | AB73: =IFERROR(IF(VLOOKUP(D73,Revistas!$A$21:$C$400,3,FALSE)=0,"",VLOOKUP(D73,Revistas!$A$21:$C$400,3,FALSE)),"") | AC73: Francia | AD73: Resultados | AE73: Na
A74: EST-011 | B74: 14 | C74: A case report of bacteriophage therapy for the treatment of lung infection due to carbapenem-resistant Pseudomonas aeruginosa. | D74: Scientific reports | E74: 2025 | F74: articulo | G74: 10.1038/s41598-025-17510-3 | H74: abrir | I74: Yang2025 | J74: A | K74: solo Pseudomonas | L74: MDR | M74: declarado por el autor | N74: no | O74: inhalada/nebulizada | P74: fago + antibiotico | Q74: caso clinico | R74: COMPLETA | S74: 1 | T74: 1 | U74: 0 | V74: 1 | W74: 0 | X74: Na | Y74: Na | Z74: 2025 | AA74: En general, el paciente estaba infectado con P. aeruginosa multirresistente, lo que resultó en síntomas potencialmente mortales. Después de la terapia con fagos personalizada, la infección del paciente mejoró significativamente, con la normalización de los marcadores inflamatorios y la mejora de las lesiones pulmonares a pesar del aislamiento de las cepas resistentes a los fagos. Si bien la erradicación completa de P. aeruginosa puede no ser siempre alcanzable, la virulencia reducida de las cepas resistentes a los fagos contribuyó a una marcada mejora en la condición clínica del paciente. Esta investigación enfatiza la importancia de comprender las complejas interacciones entre fagos y bacterias para optimizar las estrategias de terapia de fagos. | AB74: =IFERROR(IF(VLOOKUP(D74,Revistas!$A$21:$C$400,3,FALSE)=0,"",VLOOKUP(D74,Revistas!$A$21:$C$400,3,FALSE)),"") -> alto | AC74: China | AD74: Resultados | AE74: Na
A75: EST-012 | B75: 15 | C75: Chronic suppression of a multidrug-resistant Pseudomonas aeruginosa in prosthetic joint infection using personalized bacteriophage treatment. | D75: Nature communications | E75: 2026 | F75: articulo | G75: 10.1038/s41467-026-74326-z | H75: abrir | I75: Arya2026 | J75: A | K75: solo Pseudomonas | L75: MDR | M75: declarado por el autor | N75: no | O75: NA | P75: fago en monoterapia | Q75: caso clinico | R75: PARCIAL | S75: 1 | T75: 1 | U75: 0 | V75: 0 | W75: 0 | X75: Na | Y75: Na | Z75: 2026 | AA75: El tratamiento con terapia intermitente con bacteriófagos solo sin antibióticos durante un período de 2 años resultó en la resolución clínica de la infección, pero no en la erradicación microbiológica. La terapia con bacteriófagos estableció este control, en parte, alterando la virulencia definida por la gravedad y los síntomas de la enfermedad e interrumpiendo la biopelícula. La secuenciación del genoma completo demostró la presencia continua de bacteriófagos durante el tratamiento. Esto proporciona evidencia preliminar de que la terapia con bacteriófagos se puede utilizar para tratar infecciones MDR en casos de rescate cuando no existen opciones quirúrgicas y de antibióticos. | AB75: =IFERROR(IF(VLOOKUP(D75,Revistas!$A$21:$C$400,3,FALSE)=0,"",VLOOKUP(D75,Revistas!$A$21:$C$400,3,FALSE)),"") -> alto | AC75: Estados Unidos | AD75: Resumen | AE75: No open acces
A76: EST-014 | B76: 23 | C76: Bacteriophage therapy for empyema caused by carbapenem-resistant Pseudomonas aeruginosa. | D76: Bioscience trends | E76: 2022 | F76: articulo | G76: 10.5582/bst.2022.01147 | H76: abrir | I76: Chen2022 | J76: A | K76: solo Pseudomonas | L76: MDR | M76: declarado por el autor | N76: no | O76: inhalada/nebulizada | P76: fago + antibiotico | Q76: caso clinico | R76: PARCIAL | S76: 1 | T76: 1 | U76: 0 | V76: 1 | W76: 0 | X76: Na | Y76: Na | Z76: 2022 | AA76: ACLARAMIENTO DEL PATOGENO Y MEJORIA CLINICA | AB76: =IFERROR(IF(VLOOKUP(D76,Revistas!$A$21:$C$400,3,FALSE)=0,"",VLOOKUP(D76,Revistas!$A$21:$C$400,3,FALSE)),"") -> medio | AC76: China | AD76: Resumen | AE76: NA
A77: EST-016 | B77: 25 | C77: Use of Phage Cocktail BFC 1.10 in Combination With Ceftazidime-Avibactam in the Treatment of Multidrug-Resistant Pseudomonas aeruginosa Femur Osteomyelitis-A Case Report. | D77: Frontiers in medicine | E77: 2022 | F77: articulo | G77: 10.3389/fmed.2022.851310 | H77: abrir | I77: Racenis2022 | J77: A | K77: solo Pseudomonas | L77: MDR | M77: declarado por el autor | N77: SI | O77: topica/local | P77: fago + antibiotico | Q77: serie de casos | R77: COMPLETA | S77: 1 | T77: 0 | U77: 0 | V77: 0 | W77: 0 | X77: NA | Y77: 0 | Z77: 2022 | AA77: Erradicación en segmento proximal | AB77: =IFERROR(IF(VLOOKUP(D77,Revistas!$A$21:$C$400,3,FALSE)=0,"",VLOOKUP(D77,Revistas!$A$21:$C$400,3,FALSE)),"") -> medio | AC77: Letonia | AD77: MATERILAES Y METODOS | AE77: el artículo no reporta este desenlace
A78: EST-017 | B78: 29 | C78: Successful Treatment of a Patient With Chronic Bronchiectasis Using an Induced Native Phage Cocktail: A Case Report. | D78: Cureus | E78: 2025 | F78: articulo | G78: 10.7759/cureus.77681 | H78: abrir | I78: Jernigan2025 | J78: A | K78: mixto con subgrupo de Pseudomonas | L78: MDR | M78: declarado por el autor | N78: si | O78: otra | P78: NA | Q78: serie de casos | R78: COMPLETA | S78: 1 | T78: 1 | U78: 0 | V78: 1 | W78: 0 | X78: NA | Y78: 0 | Z78: 2025 | AA78: Éxito a largo plazo | AB78: alto | AC78: Estados unidos | AD78: MATERILAES Y METODOS | AE78: el artículo no reporta este desenlace
A79: EST-020 | B79: 36 | C79: Adjunctive phage therapy improves antibiotic treatment of ventilator-associated-pneumonia with Pseudomonas aeruginosa. | D79: Nature Communications | E79: 2025 | F79: articulo | G79: 10.1038/s41467-025-59806-y | H79: abrir | I79: Weissfuss2025 | J79: A | K79: solo Pseudomonas | L79: MDR | M79: declarado por el autor | N79: no | O79: otra | P79: fago + antibiotico | Q79: otra | R79: COMPLETA | S79: NA | T79: 0 | U79: 0 | V79: 0 | W79: NA | X79: NA | Y79: NA | Z79: 2025 | AA79: Mejoría clínica más rápida | AB79: alto | AC79: Alemania | AD79: MATERILAES Y METODOS | AE79: otro (explicar al lado) | AF79: MODELO MURINO
A80: EST-027 | B80: 60 | C80: Personalized aerosolised bacteriophage treatment of a chronic lung infection due to multidrug-resistant Pseudomonas aeruginosa. | D80: Nature communications | E80: 2023 | F80: articulo | G80: 10.1038/s41467-023-39370-z | H80: abrir | I80: Köhler2023 | J80: A | K80: solo Pseudomonas | L80: MDR | M80: declarado por el autor | N80: si | O80: inhalada/nebulizada | P80: fago + antibiotico | Q80: serie de casos | R80: COMPLETA | S80: 1 | T80: 1 | U80: 0 | V80: 0 | W80: 0 | X80: NA | Y80: 0 | Z80: 2023 | AA80: Mejoría clínica significativa | AB80: =IFERROR(IF(VLOOKUP(D80,Revistas!$A$21:$C$400,3,FALSE)=0,"",VLOOKUP(D80,Revistas!$A$21:$C$400,3,FALSE)),"") -> alto | AC80: Suiza | AD80: MATERILAES Y METODOS | AE80: el artículo no reporta este desenlace
A81: EST-030 | B81: 67 | C81: Clearance of hypermutator XDR Pseudomonas osteomyelitis and hardware infection with adjunctive bacteriophage therapy. | D81: ASM case reports | E81: 2026 | F81: articulo | G81: 10.1128/asmcr.00108-25 | H81: abrir | I81: Ngauy2025 | J81: A | K81: solo Pseudomonas | L81: XDR | M81: declarado por el autor | N81: si | O81: IV | P81: fago + antibiotico | Q81: serie de casos | R81: COMPLETA | S81: 1 | T81: 1 | U81: 0 | V81: 1 | W81: 0 | X81: NA | Y81: 0 | Z81: 2025 | AA81: Resolución clínica y microbiológica | AB81: =IFERROR(IF(VLOOKUP(D81,Revistas!$A$21:$C$400,3,FALSE)=0,"",VLOOKUP(D81,Revistas!$A$21:$C$400,3,FALSE)),"") -> medio | AC81: Estados unidos | AD81: MATERILAES Y METODOS | AE81: el artículo no reporta este desenlace
A82: EST-037 | B82: 88 | C82: Pan-Resistant Pseudomonas aeruginosa Septic Shock in a Critically Ill Patient: A Case Report. | D82: Clinical Medicine Insights: Case Reports | E82: 2026 | F82: articulo | G82: 10.1177/11795476251411094 | H82: abrir | I82: Surana2026 | J82: A | K82: solo Pseudomonas | L82: PDR | M82: declarado por el autor | N82: si | O82: IV | P82: fago + antibiotico | Q82: serie de casos | R82: COMPLETA | S82: 1 | T82: 0 | U82: 0 | V82: 0 | W82: 1 | X82: NA | Y82: 0 | Z82: 2026 | AA82: Supervivencia | AB82: medio | AC82: India | AD82: MATERILAES Y METODOS | AE82: el artículo no reporta este desenlace
A83: EST-040 | B83: 99 | C83: Refractory Pseudomonas aeruginosa Bronchopulmonary Infection After Lung Transplantation for Common Variable Immunodeficiency Despite Maximal Treatment Including IgM/IgA-Enriched Im | D83: Infection and drug resistance | E83: 2023 | F83: articulo | G83: 10.2147/idr.s413900 | H83: abrir | I83: Levêque et al. 2023 | J83: A | K83: solo Pseudomonas | L83: XDR | M83: declarado por el autor | N83: si | O83: otra | P83: fago + antibiotico | Q83: serie de casos | R83: COMPLETA | S83: 1 | T83: 0 | U83: 0 | V83: 0 | W83: 1 | X83: NA | Y83: 0 | Z83: 2023 | AA83: Control de la infección | AB83: =IFERROR(IF(VLOOKUP(D83,Revistas!$A$21:$C$400,3,FALSE)=0,"",VLOOKUP(D83,Revistas!$A$21:$C$400,3,FALSE)),"") -> medio | AC83: FRANCIA | AD83: MATERILAES Y METODOS | AE83: el artículo no reporta este desenlace
A84: EST-041 | B84: 104 | C84: Optimized preparation pipeline for emergency phage therapy against Pseudomonas aeruginosa at Yale University. | D84: Scientific reports | E84: 2024 | F84: articulo | G84: 10.1038/s41598-024-52192-3 | H84: abrir | I84: Würstle2025 | J84: A | K84: solo Pseudomonas | L84: no clasificable | M84: no clasificable | N84: no | O84: NA | P84: NA | Q84: NA | R84: COMPLETA | S84: NA | T84: 0 | U84: 0 | V84: 0 | W84: NA | X84: NA | Y84: NA | Z84: 2025 | AA84: NA | AB84: =IFERROR(IF(VLOOKUP(D84,Revistas!$A$21:$C$400,3,FALSE)=0,"",VLOOKUP(D84,Revistas!$A$21:$C$400,3,FALSE)),"") -> alto | AC84: Estados unidos | AD84: MATERILAES Y METODOS | AE84: el artículo no reporta este desenlace
A85: EST-046 | B85: 121 | C85: Use of bacteriophages in the treatment of colistin-only-sensitive Pseudomonas aeruginosa septicaemia in a patient with acute kidney injury-a case report. | D85: Critical care (London, England) | E85: 2017 | F85: articulo | G85: 10.1186/s13054-017-1709-y | H85: abrir | I85: Jennes2017 | J85: A | K85: solo Pseudomonas | L85: no clasificable | M85: declarado por el autor | N85: no | O85: IV | P85: fago en monoterapia | Q85: serie de casos | R85: COMPLETA | S85: 1 | T85: 1 | U85: 0 | V85: 1 | W85: 0 | X85: NA | Y85: 0 | Z85: 2017 | AA85: Control de sepsis + recuperación neurológica | AB85: =IFERROR(IF(VLOOKUP(D85,Revistas!$A$21:$C$400,3,FALSE)=0,"",VLOOKUP(D85,Revistas!$A$21:$C$400,3,FALSE)),"") -> alto | AC85: Bélgica | AD85: MATERILAES Y METODOS | AE85: el artículo no reporta este desenlace
A86: EST-047 | B86: 122 | C86: Bacteriophages as Adjuvant to Antibiotics for the Treatment of Periprosthetic Joint Infection Caused by Multidrug-Resistant Pseudomonas aeruginosa. | D86: Antimicrobial agents and chemotherapy | E86: 2019 | F86: articulo | G86: 10.1128/aac.00924-19 | H86: abrir | I86: Tkhilaishvili2020 | J86: A | K86: solo Pseudomonas | L86: MDR | M86: declarado por el autor | N86: no | O86: topica/local | P86: fago + antibiotico | Q86: serie de casos | R86: COMPLETA | S86: 1 | T86: 1 | U86: 0 | V86: 1 | W86: 0 | X86: NA | Y86: 0 | Z86: 2020 | AA86: Erradicación completa de la infección | AB86: =IFERROR(IF(VLOOKUP(D86,Revistas!$A$21:$C$400,3,FALSE)=0,"",VLOOKUP(D86,Revistas!$A$21:$C$400,3,FALSE)),"") -> medio | AC86: Alemania | AD86: MATERILAES Y METODOS | AE86: el artículo no reporta este desenlace
A87: EST-048 | B87: 125 | C87: Application of Phage Therapy in a Case of a Chronic Hip-Prosthetic Joint Infection due to Pseudomonas aeruginosa: An Italian Real-Life Experience and In Vitro Analysis. | D87: Open forum infectious diseases | E87: 2023 | F87: articulo | G87: 10.1093/ofid/ofad051 | H87: abrir | I87: Cesta2023 | J87: A | K87: solo Pseudomonas | L87: MDR | M87: declarado por el autor | N87: no | O87: topica/local | P87: fago + antibiotico | Q87: serie de casos | R87: COMPLETA | S87: 1 | T87: 1 | U87: 0 | V87: 1 | W87: 0 | X87: NA | Y87: 0 | Z87: 2023 | AA87: Sin recidiva clínica a 2 años | AB87: =IFERROR(IF(VLOOKUP(D87,Revistas!$A$21:$C$400,3,FALSE)=0,"",VLOOKUP(D87,Revistas!$A$21:$C$400,3,FALSE)),"") -> medio | AC87: ITALIA | AD87: MATERILAES Y METODOS | AE87: el artículo no reporta este desenlace
A88: EST-051 | B88: 131 | C88: Case report: Local bacteriophage therapy for fracture-related infection with polymicrobial multi-resistant bacteria: hydrogel application and postoperative phage analysis through m | D88: Frontiers in Medicine | E88: 2024 | F88: articulo | G88: 10.3389/fmed.2024.1428432 | H88: abrir | I88: Alt2024 | J88: A | K88: mixto con subgrupo de Pseudomonas | L88: MDR | M88: declarado por el autor | N88: no | O88: topica/local | P88: fago + antibiotico | Q88: serie de casos | R88: COMPLETA | S88: 1 | T88: 1 | U88: 0 | V88: 1 | W88: 0 | X88: NA | Y88: 0 | Z88: 2024 | AA88: Sin recidiva a 1 año + consolidación ósea | AB88: =IFERROR(IF(VLOOKUP(D88,Revistas!$A$21:$C$400,3,FALSE)=0,"",VLOOKUP(D88,Revistas!$A$21:$C$400,3,FALSE)),"") -> medio | AC88: Alemania | AD88: MATERILAES Y METODOS | AE88: el artículo no reporta este desenlace
A89: EST-053 | B89: 135 | C89: Phage-Antibiotic Combination Therapy against Recurrent Pseudomonas Septicaemia in a Patient with an Arterial Stent. | D89: Antibiotics (Basel, Switzerland) | E89: 2024 | F89: articulo | G89: 10.3390/antibiotics13100916 | H89: abrir | I89: Otava2024 | J89: A | K89: solo Pseudomonas | L89: no clasificable | M89: declarado por el autor | N89: no | O89: IV | P89: fago + antibiotico | Q89: serie de casos | R89: COMPLETA | S89: 1 | T89: 1 | U89: 0 | V89: 1 | W89: 0 | X89: NA | Y89: 0 | Z89: 2024 | AA89: Sin recidiva a 10 meses de seguimiento | AB89: medio | AC89: FINLANDIA | AD89: MATERILAES Y METODOS | AE89: el artículo no reporta este desenlace
A90: EST-057 | B90: 141 | C90: Phage Therapy as a Rescue Treatment for Recurrent Pseudomonas aeruginosa Bentall Infection. | D90: Viruses | E90: 2025 | F90: articulo | G90: 10.3390/v17010123 | H90: abrir | I90: Eiferman2025 | J90: A | K90: solo Pseudomonas | L90: no clasificable | M90: declarado por el autor | N90: no | O90: otra | P90: fago + antibiotico | Q90: serie de casos | R90: COMPLETA | S90: 1 | T90: 1 | U90: 0 | V90: 1 | W90: 0 | X90: NA | Y90: 0 | Z90: 2025 | AA90: Resolución de la endocarditis e infección de prótesis | AB90: =IFERROR(IF(VLOOKUP(D90,Revistas!$A$21:$C$400,3,FALSE)=0,"",VLOOKUP(D90,Revistas!$A$21:$C$400,3,FALSE)),"") -> medio | AC90: FRANCIA | AD90: MATERILAES Y METODOS | AE90: el artículo no reporta este desenlace
A91: EST-058 | B91: 142 | C91: Resolution of acute rejection in a bilateral double-lung transplanted cystic fibrosis patient following phage intervention. | D91: ASM case reports | E91: 2025 | F91: articulo | G91: 10.1128/asmcr.00058-24 | H91: abrir | I91: Pardo2025 | J91: A | K91: solo Pseudomonas | L91: MDR | M91: declarado por el autor | N91: no | O91: inhalada/nebulizada | P91: fago + antibiotico | Q91: serie de casos | R91: COMPLETA | S91: 1 | T91: 1 | U91: 0 | V91: 0 | W91: 0 | X91: NA | Y91: 0 | Z91: 2025 | AA91: Resolución del rechazo agudo + mejora función pulmonar | AB91: =IFERROR(IF(VLOOKUP(D91,Revistas!$A$21:$C$400,3,FALSE)=0,"",VLOOKUP(D91,Revistas!$A$21:$C$400,3,FALSE)),"") -> medio | AC91: España | AD91: MATERILAES Y METODOS | AE91: el artículo no reporta este desenlace
A92: EST-062 | B92: 169 | C92: Bacteriophage-antibiotic combination therapy against extensively drug-resistant Pseudomonas aeruginosa infection to allow liver transplantation in a toddler. | D92: Nature Communications | E92: 2022 | F92: articulo | G92: 10.1038/s41467-022-33294-w | H92: abrir | I92: VanNieuwenhuyse2022 | J92: A | K92: solo Pseudomonas | L92: XDR | M92: declarado por el autor | N92: si | O92: IV | P92: fago + antibiotico | Q92: caso clinico | R92: COMPLETA | S92: 1 | T92: 1 | U92: 0 | V92: 1 | W92: 0 | X92: NA | Y92: NA | Z92: 2022 | AA92: Resolución completa + retrasplante + supervivencia >2 años | AB92: medio | AC92: Bélgica | AD92: MATERILAES Y METODOS | AE92: NA
A93: EST-085 | B93: 359 | C93: First-in-human application of double-stranded RNA bacteriophage in the treatment of pulmonary Pseudomonas aeruginosa infection. | D93: Microbial biotechnology | E93: 2023 | F93: articulo | G93: 10.1111/1751-7915.14217 | H93: abrir | I93: Li2023 | J93: A | K93: solo Pseudomonas | L93: MDR | M93: declarado por el autor | N93: no | O93: inhalada/nebulizada | P93: fago en monoterapia | Q93: caso clinico | R93: COMPLETA | S93: 1 | T93: 0 | U93: 1 | V93: 0 | W93: 0 | X93: NA | Y93: NA | Z93: 2023 | AA93: Mejoría síntomas + reducción carga + permite trasplante pulmonar | AB93: =IFERROR(IF(VLOOKUP(D93,Revistas!$A$21:$C$400,3,FALSE)=0,"",VLOOKUP(D93,Revistas!$A$21:$C$400,3,FALSE)),"") -> medio | AC93: China | AD93: MATERILAES Y METODOS | AE93: el antibiograma no permite clasificar la resistencia
A94: EST-088 | B94: 373 | C94: Case report: Personalized triple phage-antibiotic combination therapy to rescue necrotizing fasciitis caused by Panton-Valentine leukocidin-producing MRSA in a 12-year-old boy. | D94: Frontiers in cellular and infection microbiology | E94: 2024 | F94: articulo | G94: 10.3389/fcimb.2024.1354681 | H94: abrir | I94: VanNieuwenhuyse2024 | J94: A | K94: mixto con subgrupo de Pseudomonas | L94: no clasificable | M94: declarado por el autor | N94: no | O94: IV | P94: fago + antibiotico | Q94: caso clinico | R94: COMPLETA | S94: 1 | T94: 1 | U94: 0 | V94: 1 | W94: 0 | X94: NA | Y94: NA | Z94: 2024 | AA94: Recuperación completa sin AE | AB94: medio | AC94: Bélgica | AD94: MATERILAES Y METODOS | AE94: el artículo no separa los datos de P. aeruginosa
A95: EST-093 | B95: 414 | C95: Pharmacodynamic individualization of phage therapy against a KPC-5-producing Pseudomonas aeruginosa. | D95: JAC-antimicrobial resistance | E95: 2026 | F95: articulo | G95: 10.1093/jacamr/dlaf257 | H95: abrir | I95: Nguyen2026 | J95: A | K95: solo Pseudomonas | L95: XDR | M95: declarado por el autor | N95: si | O95: otra | P95: fago en monoterapia | Q95: otra | R95: COMPLETA | S95: NA | T95: NA | U95: NA | V95: NA | W95: NA | X95: NA | Y95: NA | Z95: 2026 | AA95: Erradicación en modelo HFIM (PYO2 6.82 log) | AB95: medio | AC95: Estados unidos | AD95: MATERILAES Y METODOS | AE95: otro (explicar al lado) | AF95: MODELO MURINO
A96: EST-094 | B96: 418 | C96: Timely bespoke phage-antibiotic combination to treat refractory Pseudomonas aeruginosa mediastinitis and vascular graft infection. | D96: Nature Communications | E96: 2026 | F96: articulo | G96: 10.1038/s41467-025-68136-y | H96: abrir | I96: Moreira2026 | J96: A | K96: solo Pseudomonas | L96: por debajo del umbral MDR | M96: declarado por el autor | N96: no | O96: otra | P96: fago + antibiotico | Q96: caso clinico | R96: INCOMPLETA | S96: 1 | T96: 1 | U96: 0 | V96: 0 | W96: 0 | X96: NA | Y96: NA | Z96: 2026 | AA96: Mejoría radiológica PET/CT + sin bacteremia a 1 año | AB96: medio | AC96: Singapur | AD96: MATERILAES Y METODOS | AE96: el antibiograma no permite clasificar la resistencia
A97: EST-095 | B97: 436 | C97: Bacterial lysis, autophagy and innate immune responses during adjunctive phage therapy in a child. | D97: EMBO molecular medicine | E97: 2021 | F97: articulo | G97: 10.15252/emmm.202113936 | H97: abrir | I97: Khatami2021 | J97: A | K97: solo Pseudomonas | L97: MDR | M97: declarado por el autor | N97: si | O97: IV | P97: fago + antibiotico | Q97: caso clinico | R97: COMPLETA | S97: 1 | T97: 1 | U97: 1 | V97: 0 | W97: 0 | X97: NA | Y97: NA | Z97: 2021 | AA97: Efecto terapéutico significativo en 2 semanas | AB97: =IFERROR(IF(VLOOKUP(D97,Revistas!$A$21:$C$400,3,FALSE)=0,"",VLOOKUP(D97,Revistas!$A$21:$C$400,3,FALSE)),"") -> medio | AC97: Australia | AD97: MATERILAES Y METODOS | AE97: NA
A98: EST-106 | B98: 529 | C98: Phage treatment of an aortic graft infected with Pseudomonas aeruginosa. | D98: Evolution, medicine, and public health | E98: 2018 | F98: articulo | G98: 10.1093/emph/eoy005 | H98: abrir | I98: Chan2018 | J98: A | K98: solo Pseudomonas | L98: MDR | M98: declarado por el autor | N98: no | O98: topica/local | P98: fago + antibiotico | Q98: caso clinico | R98: COMPLETA | S98: 1 | T98: 1 | U98: 0 | V98: 1 | W98: 0 | X98: NA | Y98: NA | Z98: 2018 | AA98: Resolución sin signos de recurrencia | AB98: =IFERROR(IF(VLOOKUP(D98,Revistas!$A$21:$C$400,3,FALSE)=0,"",VLOOKUP(D98,Revistas!$A$21:$C$400,3,FALSE)),"") -> medio | AC98: Estados unidos | AD98: MATERILAES Y METODOS | AE98: el antibiograma no permite clasificar la resistencia
A99: EST-121 | B99: 743 | C99: Do Anti-Phage Antibodies Persist after Phage Therapy? A Preliminary Report | D99: Antibiotics | E99: 2022 | F99: articulo | G99: 10.3390/antibiotics11101358 | H99: abrir | I99: Lusiak-Szelachowska2022 | J99: A | K99: NA | L99: no clasificable | M99: declarado por el autor | N99: no | O99: na | P99: NA | Q99: NA | R99: COMPLETA | S99: NA | T99: NA | U99: NA | V99: NA | W99: NA | X99: NA | Y99: NA | Z99: 2022 | AA99: Anticuerpos pueden persistir >1 año; no correlaciona con fallo | AB99: =IFERROR(IF(VLOOKUP(D99,Revistas!$A$21:$C$400,3,FALSE)=0,"",VLOOKUP(D99,Revistas!$A$21:$C$400,3,FALSE)),"") -> medio | AC99: Polonia | AD99: MATERILAES Y METODOS | AE99: otro (explicar al lado) | AF99: MODELO MURINO
A100: EST-124 | B100: 774 | C100: Successful Bacteriophage-Antibiotic Combination Therapy against Multidrug-Resistant Pseudomonas aeruginosa Left Ventricular Assist Device Driveline Infection. | D100: Viruses | E100: 2023 | F100: articulo | G100: 10.3390/v15051210 | H100: abrir | I100: Racenis2023 | J100: A | K100: solo Pseudomonas | L100: MDR | M100: declarado por el autor | N100: no | O100: IV | P100: fago + antibiotico | Q100: caso clinico | R100: COMPLETA | S100: 1 | T100: 1 | U100: 0 | V100: 1 | W100: 0 | X100: NA | Y100: NA | Z100: 2023 | AA100: Cura clínica + erradicación; libre >21 meses | AB100: =IFERROR(IF(VLOOKUP(D100,Revistas!$A$21:$C$400,3,FALSE)=0,"",VLOOKUP(D100,Revistas!$A$21:$C$400,3,FALSE)),"") -> medio | AC100: Letonia | AD100: MATERILAES Y METODOS | AE100: el antibiograma no permite clasificar la resistencia
...

Sheet Revistas
A1: Nivel de cada revista — se decide UNA vez por revista, no por estudio
A3: Criterio de esta revisión (memo de estrategia, comprobación de falsación nº2):
A4: el nivel es un indicador grueso, solo sirve para comprobar que la revista no
A5: predice el resultado agrupado. No hace falta afinar: basta alto / medio / bajo.
A7: alto revista general o de infecciosas de primera línea (Nature Microbiology,
A8: Lancet Infect Dis, Clinical Infectious Diseases, Nature Communications…)
A9: medio revista especializada con revisión por pares (Viruses, Antibiotics,
A10: Antimicrob Agents Chemother, Frontiers…)
A11: bajo revista local, sin indexación reconocible o sin revisión por pares clara
A12: solo registro no es una revista: es una ficha de ensayo
A14: Si duda, búsquela en scimagojr.com: Q1 y Q2 -> alto o medio; Q3, Q4 o sin
A15: cuartil -> bajo. Anote la fuente en la última columna.
... A18: cambie sin motivo: cambiarlas descuadra los 42 estudios ya codificados.
A20: Revista | B20: Estudios | C20: Nivel | D20: Propuesta (confirmar) | E20: Fuente / nota
A21: Antibiotics | B21: 9 | C21: medio | E21: corpus del proyecto
A22: Viruses | B22: 9 | C22: medio | E22: corpus del proyecto
A23: Nature Communications | B23: 8 | C23: alto | E23: corpus del proyecto
A24: Frontiers in medicine | B24: 6 | C24: medio | E24: corpus del proyecto
A25: Pirogov Russian Journal of Surgery | B25: 4 | E25: buscar en scimagojr.com
A26: The international journal of lower extremity wounds | B26: 4 | D26: medio | E26: propuesta: confirmar
A27: International journal of antimicrobial agents | B27: 3 | D27: medio | E27: propuesta: confirmar
A28: Med (New York, N.Y.) | B28: 3 | C28: alto | E28: corpus del proyecto
A29: Open forum infectious diseases | B29: 3 | C29: medio | E29: corpus del proyecto
A30: The Lancet. Infectious diseases | B30: 3 | C30: alto | E30: corpus del proyecto
A31: Antimicrobial agents and chemotherapy | B31: 2 | C31: medio | E31: corpus del proyecto
A32: ASM case reports | B32: 2 | C32: medio | E32: corpus del proyecto
A33: Clinical infectious diseases : an official publication of the Infectious Diseases Society of America | B33: 2 | C33: alto | E33: corpus del proyecto
A34: Infektsionnye Bolezni | B34: 2 | E34: buscar en scimagojr.com
A35: International journal of infectious diseases : IJID : official publication of the International Society for Infectious Diseases | B35: 2 | C35: medio | E35: corpus del proyecto
A36: JAC-antimicrobial resistance | B36: 2 | D36: medio | E36: propuesta: confirmar
A37: Scientific reports | B37: 2 | C37: alto | E37: corpus del proyecto
A38: The Journal of heart and lung transplantation : the official publication of the International Society for Heart Transplantation | B38: 2 | D38: alto | E38: propuesta: confirmar
A39: American journal of respiratory and critical care medicine | B39: 1 | C39: alto | E39: corpus del proyecto
A40: American journal of transplantation : official journal of the American Society of Transplantation and the American Society of Transplant Surgeons | B40: 1 | C40: alto | E40: corpus del proyecto
A41: Annals of Vascular Surgery - Brief Reports and Innovations | B41: 1 | D41: medio | E41: propuesta: confirmar
A42: Biomedicines | B42: 1 | D42: medio | E42: propuesta: confirmar
A43: Bioscience trends | B43: 1 | C43: medio | E43: corpus del proyecto
A44: BMJ open | B44: 1 | D44: medio | E44: propuesta: confirmar
A45: BMJ open respiratory research | B45: 1 | D45: medio | E45: propuesta: confirmar
A46: Clinical Medicine Insights: Case Reports | B46: 1 | D46: bajo | E46: propuesta: confirmar
A47: Critical care (London, England) | B47: 1 | C47: alto | E47: corpus del proyecto
A48: Cureus | B48: 1 | D48: bajo | E48: propuesta: confirmar
A49: Current opinion in infectious diseases | B49: 1 | E49: buscar en scimagojr.com
A50: Current Urology | B50: 1 | D50: medio | E50: propuesta: confirmar
A51: EMBO molecular medicine | B51: 1 | C51: medio | E51: corpus del proyecto
A52: Enfermedades Infecciosas y Microbiologia Clinica | B52: 1 | D52: medio | E52: propuesta: confirmar
A53: Europace : European pacing, arrhythmias, and cardiac electrophysiology : journal of the working groups on cardiac pacing, arrhythmias, and cardiac cellular electrophysiology of the European Society of Cardiology | B53: 1 | D53: alto | E53: propuesta: confirmar
A54: European journal of cardio-thoracic surgery : official journal of the European Association for Cardio-thoracic Surgery | B54: 1 | D54: alto | E54: propuesta: confirmar
A55: European urology, supplements | B55: 1 | D55: medio | E55: propuesta: confirmar
A56: Evolution, medicine, and public health | B56: 1 | C56: medio | E56: corpus del proyecto
A57: Folia microbiologica | B57: 1 | D57: medio | E57: propuesta: confirmar
A58: Frontiers in cellular and infection microbiology | B58: 1 | D58: medio | E58: propuesta: confirmar
A59: Frontiers in microbiology | B59: 1 | D59: medio | E59: propuesta: confirmar
A60: Frontiers in pharmacology | B60: 1 | D60: medio | E60: propuesta: confirmar
A61: Future microbiology | B61: 1 | D61: medio | E61: propuesta: confirmar
A62: hLife | B62: 1 | C62: medio | E62: corpus del proyecto
A63: Indian Journal of Critical Care Medicine | B63: 1 | E63: buscar en scimagojr.com
A64: Infection | B64: 1 | C64: medio | E64: corpus del proyecto
A65: Infection and drug resistance | B65: 1 | C65: medio | E65: corpus del proyecto
A66: International journal of diabetes in developing countries | B66: 1 | D66: bajo | E66: propuesta: confirmar
A67: International journal of molecular sciences | B67: 1 | D67: medio | E67: propuesta: confirmar
A68: International Journal of Pediatrics and Adolescent Medicine | B68: 1 | D68: bajo | E68: propuesta: confirmar
A69: JAAD Case Reports | B69: 1 | D69: medio | E69: propuesta: confirmar
A70: Journal of chemotherapy (Florence, Italy) | B70: 1 | D70: medio | E70: propuesta: confirmar
A71: Journal of cystic fibrosis | B71: 1 | D71: alto | E71: propuesta: confirmar
A72: Journal of Drug Delivery Science and Technology | B72: 1 | D72: medio | E72: propuesta: confirmar
A73: Journal of infection and chemotherapy : official journal of the Japan Society of Chemotherapy | B73: 1 | D73: medio | E73: propuesta: confirmar
A74: Journal of investigative medicine high impact case reports | B74: 1 | C74: medio | E74: corpus del proyecto
A75: Journal of Plastic, Reconstructive and Aesthetic Surgery | B75: 1 | D75: medio | E75: propuesta: confirmar
A76: Journal of the Pediatric Infectious Diseases Society | B76: 1 | C76: medio | E76: corpus del proyecto
A77: Medical Immunology (Russia) | B77: 1 | E77: buscar en scimagojr.com
A78: Medicine in Microecology | B78: 1 | D78: bajo | E78: propuesta: confirmar
A79: Methods in molecular biology (Clifton, N.J.) | B79: 1 | D79: no aplica (serie de libros) | E79: propuesta: confirmar
A80: Microbial biotechnology | B80: 1 | C80: medio | E80: corpus del proyecto
A81: mLife | B81: 1 | C81: medio | E81: corpus del proyecto
A82: Nature medicine | B82: 1 | C82: alto | E82: corpus del proyecto
A83: Nature microbiology | B83: 1 | C83: alto | E83: corpus del proyecto
A84: Nephrology dialysis transplantation | B84: 1 | D84: alto | E84: propuesta: confirmar
A85: Otolaryngologia polska = The Polish otolaryngology | B85: 1 | E85: buscar en scimagojr.com
A86: Otology & neurotology : official publication of the American Otological Society, American Neurotology Society [and] European Academy of Otology and Neurotology | B86: 1 | C86: medio | E86: corpus del proyecto
A87: PHAGE: Therapy, Applications, and Research | B87: 1 | D87: medio | E87: propuesta: confirmar
A88: Revista Cubana de Angiología y Cirugía Vascular | B88: 1 | E88: buscar en scimagojr.com
A89: Surgical Chronicles | B89: 1 | E89: buscar en scimagojr.com
A90: The Journal of antimicrobial chemotherapy | B90: 1 | C90: medio | E90: corpus del proyecto
A91: The Journal of pediatrics | B91: 1 | C91: alto | E91: corpus del proyecto
A92: Trials | B92: 1 | D92: medio | E92: propuesta: confirmar
A93: Virus research | B93: 1 | D93: medio | E93: propuesta: confirmar
A94: Wiadomosci lekarskie (Warsaw, Poland : 1960) | B94: 1 | E94: buscar en scimagojr.com

Sheet Listas
A1: País | B1: Nivel de revista | C1: Motivo si quedó incompleto
A2: Alemania | B2: alto | C2: NA
A3: Australia | B3: medio | C3: texto completo no accesible
A4: Bélgica | B4: bajo | C4: el artículo no separa los datos de P. aeruginosa
A5: Canadá | B5: solo registro | C5: el artículo no reporta este desenlace
A6: China | C6: solo resumen de congreso: datos limitados
A7: Corea del Sur | C7: datos solo del estudio entero, no por brazo
A8: Dinamarca | C8: el antibiograma no permite clasificar la resistencia
A9: Ecuador | C9: otro (explicar al lado)
A10: España
A11: Estados Unidos
A12: Francia
A13: Georgia
A14: India
A15: Irán
A16: Israel
A17: Italia
A18: Japón
A19: Letonia
A20: Países Bajos
A21: Polonia
... A29: otro

Sheet Diccionario
A1: Columna | B1: Qué se contesta | C1: Opciones
A2: Id del estudio (Autor+Año) | B2: Apellido del primer autor pegado al año: Tkhilaishvili2020. Sin espacios ni tildes.
A3: Brazo | B3: A si el estudio da un solo grupo de datos. Si separa desenlaces por clase de resistencia, usa A, B, C.
A4: ¿Solo P. aeruginosa o mixto? | B4: Solo Pseudomonas si todos los pacientes tenían P. aeruginosa. Mixto si había otras bacterias PERO el artículo permite separar los de Pseudomonas. | C4: solo Pseudomonas · mixto con subgrupo de Pseudomonas
A5: Clase de resistencia | B5: MDR, XDR o PDR según Magiorakos. Si el antibiograma no alcanza para clasificar, pon 'no clasificable'. | C5: MDR · XDR · PDR · por debajo del umbral MDR · no clasificable
A6: ¿De dónde sale esa clase? | B6: ¿Lo dice el autor y lo aceptaste, o lo verificaste tú con el antibiograma? Importa para el riesgo de sesgo. | C6: declarado por el autor · verificado de forma independiente · no clasificable
A7: ¿Cumple criterio DTR? | B7: Difficult-to-Treat Resistance (Kadri 2018, PMID 30052813). NO es MDR con otro nombre: pregunta si se agotaron los antibióticos de PRIMERA LÍNEA (carbapenémicos, otros betalactámicos, fluoroquinolonas). Los de RESERVA -- colistina, aminoglucósidos, tigeciclina -- y los posteriores a 2018 -- ceftazidima-avibactam, cefiderocol -- NO cuentan: son aquello a lo que el DTR obliga a recurrir. SÍ: el artículo documenta sensibilidad SOLO a agentes de reserva. NO: basta UN agente de primera línea sensible documentado. NO DERIVABLE: el resto. Ojo: esta revisión ya definió mal este campo una vez (exigía 'todos los betalactámicos', más estricto que Kadri) y fabricó no-derivabilidad. Si duda entre 'no' y 'no derivable', mire si hay UN solo agente de primera línea sensible. | C7: si · no · no derivable
A8: Vía de administración | B8: Por dónde se administró el fago. Si fueron varias vías, elige 'otra' y explica en el paréntesis. | C8: IV · inhalada/nebulizada · topica/local · oral · intravesical · intraarticular · otra · NA
A9: ¿Fago solo o con antibiótico? | B9: ¿El fago fue solo, o junto con antibióticos? | C9: fago en monoterapia · fago + antibiotico · fago + otro · NA
A10: Diseño del estudio | B10: Lo que el artículo ES, no lo que dice ser. Un 'estudio' de un paciente es un caso clínico. | C10: ECA · caso clinico · serie de casos · cohorte retrospectiva · cohorte prospectiva · ensayo no aleatorizado · otra
A11: Estado de esta extracción | B11: COMPLETA si sacaste todo lo que el artículo daba. PARCIAL o INCOMPLETA si te faltó algo, y explícalo en la última columna. | C11: COMPLETA · PARCIAL · INCOMPLETA
A12: Pacientes en este brazo | B12: Cuántos pacientes hay en ESTE brazo, no en todo el estudio.
A13: Éxito clínico (nº pacientes) | B13: Pacientes de este brazo que mejoraron según la definición del PROPIO autor. · un número = el artículo lo dice o permite contarlo · 0 = el artículo dice que ninguno mejoró · NA = no lo reporta ni permite deducirlo Si el autor no define el éxito pero dice «los tres pacientes se curaron», la cifra SÍ se extrae: pon 3, y escribe SIN DEFINICIÓN OPERATIVA en la columna de definición.
A14: Eventos adversos (nº) | B14: Cuántos pacientes tuvieron algún evento adverso. Cero notificados se escribe 0, no NA.
A15: Erradicación microbiológica (nº) | B15: Pacientes con CULTIVO DE CONTROL NEGATIVO para P. aeruginosa, del mismo sitio de infección, DESPUÉS de terminar la fagoterapia. Se toma el primer cultivo posterior al fin del tratamiento; anota el día en observaciones. Los tres valores NO son intercambiables: · un número = se hizo cultivo y salió negativo en esos pacientes · 0 = se hizo cultivo y SIGUIÓ POSITIVO en todos · NA = no se hizo, o no se reporta, cultivo de control FIBROSIS QUÍSTICA Y BRONQUIECTASIAS: un solo cultivo negativo NO cuenta como erradicación. En colonización crónica la carga fluctúa y un cultivo aislado no demuestra eliminación. Anota NA y explícalo, salvo que el artículo declare erradicación sostenida con cultivos seriados. Regla completa y por qué: quality_reports/decisions/2026-08-11_definicion-erradicacion-y-exito.md
A16: Fallecidos (nº) | B16: Cuántos fallecieron durante el seguimiento.
A17: Estancia hospitalaria (días) | B17: Días de hospitalización. Casi ningún caso clínico lo reporta: NA es lo normal aquí.
A18: Aparición de resistencia al fago (nº) | B18: En cuántos apareció resistencia al fago durante el tratamiento.
A19: Año de publicación | B19: Año del artículo.
A20: ¿Cómo define el AUTOR el éxito clínico? | B20: COPIA la definición del autor. No escribas la tuya. Si el artículo NO define qué considera éxito clínico, escribe exactamente: SIN DEFINICIÓN OPERATIVA y nada más. NO pegues una frase de la Discusión ni de las Conclusiones. Cómo distinguirlas: la definición es una CONDICIÓN («resolución de los signos inflamatorios a las 12 semanas»); el resultado es un DESENLACE («el paciente evolucionó favorablemente»). Solo la primera va aquí. Que la mayoría de los estudios no lo defina ES UN HALLAZGO del manuscrito. Si rellenas el hueco con una frase cualquiera, el hueco desaparece del registro y con él la prueba de que existía.
A21: Nivel de la revista | B21: Nombre de la revista, y si es de alto o medio impacto: 'alto (Nature Microbiology)'.
A22: País del estudio | B22: País y ciudad si consta: 'Alemania (Berlín)'.
A23: ¿Dónde viste estos datos? | B23: Página, tabla o figura de donde sacaste los números: 'p.3 Results, Tabla 2'. Obligatorio para cualquier cifra.
A24: Si algo quedó incompleto, ¿por qué? | B24: Qué faltó y por qué. NA si no faltó nada.

Sheet Ejemplo
A1: Dos ejemplos resueltos
A2: Salen de estudios que ya se extrajeron en este proyecto.
A4: EJEMPLO 1 — un solo brazo
A5: Tkhilaishvili 2020. Un paciente con infección de prótesis por P. aeruginosa XDR,
A6: tratado con fago más antibiótico por vía local. Curó.
A8: Columna | B8: Qué escribí | C8: Por qué
A9: Id del estudio (Autor+Año) | B9: Tkhilaishvili2020 | C9: apellido pegado al año
A10: Brazo | B10: A | C10: un solo brazo
A11: Pacientes en este brazo | B11: 1 | C11: pacientes de este brazo
A12: ¿Solo P. aeruginosa o mixto? | B12: solo Pseudomonas
A13: Clase de resistencia | B13: XDR | C13: según el antibiograma
A14: ¿De dónde sale esa clase? | B14: verificado de forma independiente | C14: lo verifiqué yo con Magiorakos; no me fié de la etiqueta del autor
A15: ¿Cumple criterio DTR? | B15: no derivable | C15: el artículo no da lo necesario
A16: Vía de administración | B16: topica/local
A17: ¿Fago solo o con antibiótico? | B17: fago + antibiotico
A18: Éxito clínico (nº pacientes) | B18: 1 | C18: de 1 paciente
A19: ¿Cómo define el AUTOR el éxito clínico? | B19: Infección erradicada; sin dolor, PCR normal, sin aflojamiento a 10 meses | C19: la definición DEL AUTOR, copiada, no la mía
A20: Eventos adversos (nº) | B20: 0 | C20: cero notificados; NO es lo mismo que NA
A21: Erradicación microbiológica (nº) | B21: 1
A22: Fallecidos (nº) | B22: 0
A23: Estancia hospitalaria (días) | B23: NA | C23: el artículo no lo dice
A24: Aparición de resistencia al fago (nº) | B24: NA | C24: el artículo no lo dice
A25: Diseño del estudio | B25: caso clinico
A26: Año de publicación | B26: 2020
A27: Nivel de la revista | B27: medio (Antimicrob Agents Chemother)
A28: País del estudio | B28: Alemania (Berlín)
A29: ¿Dónde viste estos datos? | B29: pp.1-2 Case Presentation; Tabla 1 antibiograma | C29: dónde lo vi; obligatorio para cualquier cifra
A30: Estado de esta extracción | B30: COMPLETA
A31: Si algo quedó incompleto, ¿por qué? | B31: NA
A33: EJEMPLO 2 — varios brazos
A34: Pirnay 2024, cohorte de 100 casos. Aquí está el error más común:
A35: los brazos NO son grupos de tratamiento, son clases de resistencia.
A36: Todos los pacientes recibieron lo mismo, fago más antibiótico. Lo que separa
A37: las filas es que el artículo permite contar desenlaces aparte en XDR, MDR y PDR.
A38: Se copia la fila tres veces, con el MISMO Nº y el Brazo en A, B y C.
A40: Brazo | B40: Clase de resistencia | C40: Pacientes | D40: Éxito clínico | E40: Eventos adversos | F40: Fallecidos
A41: A | B41: XDR | C41: 7 | D41: 6 | E41: 2 | F41: 2
A42: B | B42: MDR | C42: 23 | D42: 16 | E42: 4 | F42: 2
A43: C | B43: PDR | C43: 2 | D43: 1 | E43: 0 | F43: 0
A45: El resto de columnas (vía, modalidad, revista, país…) se repite igual en las tres.
A46: Si el artículo NO permite separar por clase de resistencia, no invente brazos:
A47: una sola fila y la clase en 'no clasificable'.
